date,slot,run_ts_utc,imei,sent_at_utc,last_seen_before_utc,days_disconnected_at_send,vin,empresa,patente,command
2026-02-19,AM,2026-02-19_155251,863457051668927,2026-02-19T15:52:51.900460+00:00,2026-01-31T02:03:35Z,20.0,W1T964231R0743710,STOCK,743710,"AT+GTDAT=gv300w,1,,CMD97,0,,,,FFFF$"
2026-02-19,AM,2026-02-19_155252,869671070588247,2026-02-19T15:52:52.312671+00:00,2026-01-23T19:15:20Z,27.0,9BM958154RB343048,100% EQUIPADOS,343048,"AT+GTDAT=gv300w,1,,CMD97,0,,,,FFFF$"
2026-02-19,AM,2026-02-19_155252,869671070593882,2026-02-19T15:52:52.705149+00:00,2026-01-29T20:33:09Z,21.0,MEC0444P8PP062257,100% EQUIPADOS,P062257,"AT+GTDAT=gv300w,1,,CMD97,0,,,,FFFF$"
2026-02-19,AM,2026-02-19_155253,863457050283959,2026-02-19T15:52:53.114339+00:00,2026-02-03T14:17:24Z,16.0,W1T964026P0638607,GRUPO MPM,SVYR27,"AT+GTDAT=gv300w,1,,CMD97,0,,,,FFFF$"
2026-02-19,AM,2026-02-19_155253,863238070319431,2026-02-19T15:52:53.511462+00:00,2026-01-27T14:31:30Z,23.0,9BM958264SB402308,100% EQUIPADOS,B402308,"AT+GTDAT=gv300w,1,,CMD97,0,,,,FFFF$"
2026-02-19,AM,2026-02-19_155253,869671070589138,2026-02-19T15:52:53.900910+00:00,2026-01-27T02:08:36Z,24.0,JL6AFC6A7RK005323,100% EQUIPADOS,K005323,"AT+GTDAT=gv300w,1,,CMD97,0,,,,FFFF$"
2026-02-19,AM,2026-02-19_155254,869671070575012,2026-02-19T15:52:54.306637+00:00,2026-01-26T18:45:36Z,24.0,JL6AFE6A5RK006983,100% EQUIPADOS,K006983,"AT+GTDAT=gv300w,1,,CMD97,0,,,,FFFF$"
2026-02-19,AM,2026-02-19_155254,863457051056545,2026-02-19T15:52:54.695484+00:00,2026-01-23T13:21:52Z,27.0,W1T964231P0597624,BESALCO MINERIA,597624,"AT+GTDAT=gv300w,1,,CMD97,0,,,,FFFF$"
2026-02-19,AM,2026-02-19_155255,863457051081881,2026-02-19T15:52:55.099739+00:00,2026-01-24T16:59:08Z,26.0,W1T964231P0627129,GRUPO DRILLCO,SPDJ33,"AT+GTDAT=gv300w,1,,CMD97,0,,,,FFFF$"
2026-02-19,AM,2026-02-19_155255,869671072163734,2026-02-19T15:52:55.487736+00:00,2026-01-29T15:36:37Z,21.0,9BM634013RB344350,COFLONORTE,SSR773,"AT+GTDAT=gv300w,1,,CMD97,0,,,,FFFF$"
2026-02-19,AM,2026-02-19_155255,868589060264531,2026-02-19T15:52:55.930348+00:00,2026-01-28T12:00:49Z,22.0,WDB932315J0182142,GRUPO COMISOL,JYJP90,"AT+GTDAT=gv300w,1,,CMD97,0,,,,FFFF$"
2026-02-19,AM,2026-02-19_155256,869671070585227,2026-02-19T15:52:56.324330+00:00,2026-02-03T16:38:40Z,16.0,JL6CJH6A3SK005703,F&E SPA,K005703,"AT+GTDAT=gv300w,1,,CMD97,0,,,,FFFF$"
2026-02-19,AM,2026-02-19_155256,869671072163858,2026-02-19T15:52:56.750565+00:00,2026-02-02T13:57:11Z,17.0,9BM634016SB387022,STOCK CHILE - BUSES & VANS,B387022,"AT+GTDAT=gv300w,1,,CMD97,0,,,,FFFF$"
2026-02-19,AM,2026-02-19_155257,867162027900596,2026-02-19T15:52:57.176286+00:00,2026-02-03T14:44:13Z,16.0,W1T964231P0592203,BESALCO MINERIA,SDCV.24,"AT+GTDAT=gv300w,1,,CMD97,0,,,,FFFF$"
2026-02-19,AM,2026-02-19_155257,863457051711818,2026-02-19T15:52:57.563164+00:00,2026-02-04T15:14:10Z,15.0,W1T964231R0671017,GRUPO MPM,TCSL41,"AT+GTDAT=gv300w,1,,CMD97,0,,,,FFFF$"
2026-02-19,AM,2026-02-19_155258,863457051076329,2026-02-19T15:52:58.005678+00:00,2026-02-02T19:10:32Z,17.0,9BM958264RB322249,JOSE ROBERTO BARRIENTOS OJEDA,322249,"AT+GTDAT=gv300w,1,,CMD97,0,,,,FFFF$"
2026-02-19,AM,2026-02-19_155258,869671070591662,2026-02-19T15:52:58.430305+00:00,2026-01-25T19:56:27Z,25.0,3ALHCYCY4SDWG0143,100% EQUIPADOS,DWG0143,"AT+GTDAT=gv300w,1,,CMD97,0,,,,FFFF$"
2026-02-19,AM,2026-02-19_155258,863457051668232,2026-02-19T15:52:58.819712+00:00,2026-02-04T05:16:41Z,15.0,9BM634074RB319271,TURBUS,SZZB77,"AT+GTDAT=gv300w,1,,CMD97,0,,,,FFFF$"
2026-02-19,AM,2026-02-19_155259,868589060160036,2026-02-19T15:52:59.217488+00:00,2026-01-23T20:05:16Z,27.0,WDB932315K0303018,CONPAX MAQUINARIAS,LJKY17,"AT+GTDAT=gv300w,1,,CMD97,0,,,,FFFF$"
2026-02-19,AM,2026-02-19_155259,869671070590276,2026-02-19T15:52:59.652689+00:00,2026-01-24T14:50:58Z,26.0,JL6CJH6A3RK007557,100% EQUIPADOS,007557,"AT+GTDAT=gv300w,1,,CMD97,0,,,,FFFF$"
2026-02-19,AM,2026-02-19_155300,863457051713244,2026-02-19T15:53:00.124409+00:00,2026-01-20T15:35:18Z,30.0,MEC0574P0PP056547,DIVEMOTOR COLOMBIA,LLR105,"AT+GTDAT=gv300w,1,,CMD97,0,,,,FFFF$"
2026-02-19,AM,2026-02-19_155300,869671070580806,2026-02-19T15:53:00.521045+00:00,2026-02-02T21:06:27Z,17.0,W1T964231T0836458,TRANEX,VRXV95,"AT+GTDAT=gv300w,1,,CMD97,0,,,,FFFF$"
2026-02-19,AM,2026-02-19_155300,867162027847755,2026-02-19T15:53:00.918838+00:00,2026-02-03T11:28:23Z,16.0,9BM979076NB202465,TREKRENTAL,PZBP38,"AT+GTDAT=gv300w,1,,CMD97,0,,,,FFFF$"
2026-02-19,AM,2026-02-19_155301,869671072171752,2026-02-19T15:53:01.332908+00:00,2026-01-23T17:28:58Z,27.0,W1T964231T0835233,INCOLUR (CM),VLZX25,"AT+GTDAT=gv300w,1,,CMD97,0,,,,FFFF$"
2026-02-19,AM,2026-02-19_155301,863457050575339,2026-02-19T15:53:01.744215+00:00,2026-02-02T14:05:53Z,17.0,W1T964231P0602654,KOMATSU (CM),SGTL98,"AT+GTDAT=gv300w,1,,CMD97,0,,,,FFFF$"
2026-02-19,AM,2026-02-19_155302,868589060411504,2026-02-19T15:53:02.145752+00:00,2026-02-02T15:13:36Z,17.0,9BM958174SB370987,STOCK,370987,"AT+GTDAT=gv300w,1,,CMD97,0,,,,FFFF$"
2026-02-19,AM,2026-02-19_155302,863457050620754,2026-02-19T15:53:02.534149+00:00,2026-01-21T20:15:04Z,29.0,W1T964231P0595509,CONPAX MAQUINARIAS,SJRG85,"AT+GTDAT=gv300w,1,,CMD97,0,,,,FFFF$"
2026-02-19,AM,2026-02-19_155302,863457052180575,2026-02-19T15:53:02.931202+00:00,2026-01-30T01:09:13Z,21.0,ASVRT135LRDF011357,SI AUSTRAL LTDA.,F01357,"AT+GTDAT=gv300w,1,,CMD97,0,,,,FFFF$"
2026-02-19,AM,2026-02-19_155303,863457050647260,2026-02-19T15:53:03.326649+00:00,2026-01-22T17:54:08Z,28.0,9BM634074RB339631,DIVEMOTOR PERU,CPF-404,"AT+GTDAT=gv300w,1,,CMD97,0,,,,FFFF$"
2026-02-19,AM,2026-02-19_155303,863457050610490,2026-02-19T15:53:03.759732+00:00,2026-01-25T16:06:14Z,25.0,W1T964231P0573647,CONPAX MAQUINARIAS,SJRG57,"AT+GTDAT=gv300w,1,,CMD97,0,,,,FFFF$"
2026-02-19,AM,2026-02-19_155304,867162027844638,2026-02-19T15:53:04.165277+00:00,2026-01-28T12:14:24Z,22.0,W1T964231N0558665,CONPAX MAQUINARIAS,RRSD74,"AT+GTDAT=gv300w,1,,CMD97,0,,,,FFFF$"
2026-02-19,AM,2026-02-19_155304,869671070582125,2026-02-19T15:53:04.554061+00:00,2026-01-27T19:26:13Z,23.0,W1T964231S0765997,100% EQUIPADOS,0765997,"AT+GTDAT=gv300w,1,,CMD97,0,,,,FFFF$"
2026-02-19,AM,2026-02-19_155304,869671070589252,2026-02-19T15:53:04.966438+00:00,2026-01-20T12:33:59Z,30.0,JL6CLH6A6SK003678,100% EQUIPADOS,K003678,"AT+GTDAT=gv300w,1,,CMD97,0,,,,FFFF$"
2026-02-19,AM,2026-02-19_155305,863457050228376,2026-02-19T15:53:05.355915+00:00,2026-02-03T13:18:11Z,16.0,W1T964026P0638612,GRUPO MPM,SWVG49,"AT+GTDAT=gv300w,1,,CMD97,0,,,,FFFF$"
2026-02-19,AM,2026-02-19_155305,869671070585433,2026-02-19T15:53:05.754339+00:00,2026-02-03T02:47:54Z,17.0,JL6AFC6A0SK005749,100% EQUIPADOS,K005749,"AT+GTDAT=gv300w,1,,CMD97,0,,,,FFFF$"
2026-02-19,AM,2026-02-19_155306,869671070581978,2026-02-19T15:53:06.145238+00:00,2026-02-02T07:35:33Z,17.0,W1T964230S0785972,100% EQUIPADOS,0785972,"AT+GTDAT=gv300w,1,,CMD97,0,,,,FFFF$"
2026-02-19,AM,2026-02-19_155306,865413056252249,2026-02-19T15:53:06.544805+00:00,2026-02-03T12:11:57Z,16.0,3AKJHHDR1MSMV3937,SERVICIO DE AUTOTRANSPORTE PUBLICO FEDERAL DE CARGA,43BC8S,"AT+GTDAT=gv300w,1,,CMD97,0,,,,FFFF$"
2026-02-19,AM,2026-02-19_155307,863238070321627,2026-02-19T15:53:07.014546+00:00,2026-01-24T17:36:32Z,26.0,9BM634074SB364578,STOCK CHILE - BUSES & VANS,B364578,"AT+GTDAT=gv300w,1,,CMD97,0,,,,FFFF$"
2026-02-19,AM,2026-02-19_155307,869671070598485,2026-02-19T15:53:07.405140+00:00,2026-01-30T16:20:43Z,20.0,JL6AFE6AXRK003660,100% EQUIPADOS,003660,"AT+GTDAT=gv300w,1,,CMD97,0,,,,FFFF$"
2026-02-19,AM,2026-02-19_155307,867162026817288,2026-02-19T15:53:07.813952+00:00,2026-01-26T20:31:26Z,24.0,WDB932315K0305191,TREKRENTAL,LRSR61,"AT+GTDAT=gv300w,1,,CMD97,0,,,,FFFF$"
2026-02-19,AM,2026-02-19_155308,865413053142542,2026-02-19T15:53:08.225925+00:00,2026-01-27T15:34:30Z,23.0,LSH14C4C1RA040139,GERENCIA GRUPO CONDOR,AAUX249,"AT+GTDAT=gv300w,1,,CMD97,0,,,,FFFF$"
2026-02-19,AM,2026-02-19_155308,863457051064085,2026-02-19T15:53:08.612786+00:00,2026-01-27T04:14:28Z,23.0,W1T964231P0649141,KOMATSU (CM),SVZJ75,"AT+GTDAT=gv300w,1,,CMD97,0,,,,FFFF$"
2026-02-19,AM,2026-02-19_155309,867162029798964,2026-02-19T15:53:09.138695+00:00,2026-01-29T13:26:55Z,21.0,9BM958260NB227452,TRANSPORTES HERNAN VALDES,RKHG63,"AT+GTDAT=gv300w,1,,CMD97,0,,,,FFFF$"
2026-02-19,AM,2026-02-19_155309,869671070597693,2026-02-19T15:53:09.571560+00:00,2026-01-27T12:47:33Z,23.0,W1T964231S0787377,STOCK,0787377,"AT+GTDAT=gv300w,1,,CMD97,0,,,,FFFF$"
2026-02-19,AM,2026-02-19_155310,869671070579477,2026-02-19T15:53:10.046541+00:00,2026-02-02T21:04:05Z,17.0,W1T964231S0780805,TRANEX,0780805,"AT+GTDAT=gv300w,1,,CMD97,0,,,,FFFF$"
2026-02-19,AM,2026-02-19_155310,869671072171448,2026-02-19T15:53:10.465648+00:00,2026-02-02T21:30:01Z,17.0,W1T964231T0835567,TRANEX,VRXW14,"AT+GTDAT=gv300w,1,,CMD97,0,,,,FFFF$"
2026-02-19,AM,2026-02-19_155311,863457052207535,2026-02-19T15:53:11.057124+00:00,2026-02-04T19:52:31Z,15.0,W1T964231R0721021,GRUPO MPM,THYC71,"AT+GTDAT=gv300w,1,,CMD97,0,,,,FFFF$"
2026-02-19,AM,2026-02-19_155311,869671072171547,2026-02-19T15:53:11.472042+00:00,2026-01-27T14:00:48Z,23.0,W1T964016T0834269,100% EQUIPADOS,0834269,"AT+GTDAT=gv300w,1,,CMD97,0,,,,FFFF$"
2026-02-19,AM,2026-02-19_155311,869671070575467,2026-02-19T15:53:11.871696+00:00,2026-01-26T13:17:47Z,24.0,JL6AFE6AXSK004748,100% EQUIPADOS,K004748,"AT+GTDAT=gv300w,1,,CMD97,0,,,,FFFF$"
2026-02-19,AM,2026-02-19_155312,863457052206560,2026-02-19T15:53:12.268937+00:00,2026-01-24T06:27:40Z,26.0,9BM634011PB282630,STOCK CHILE - BUSES & VANS,282630,"AT+GTDAT=gv300w,1,,CMD97,0,,,,FFFF$"
2026-02-19,AM,2026-02-19_155312,867162029093036,2026-02-19T15:53:12.676277+00:00,2026-02-03T15:35:23Z,16.0,WDB964231L0392531,INCOLUR (CM),LXCY-46,"AT+GTDAT=gv300w,1,,CMD97,0,,,,FFFF$"
2026-02-19,AM,2026-02-19_155313,867162029805868,2026-02-19T15:53:13.073974+00:00,2026-02-02T18:13:40Z,17.0,W1T964016N0498877,CSI,PPZB32,"AT+GTDAT=gv300w,1,,CMD97,0,,,,FFFF$"
2026-02-19,AM,2026-02-19_155313,869671070577257,2026-02-19T15:53:13.481892+00:00,2026-01-29T14:19:15Z,21.0,9BM951104SB385405,100% EQUIPADOS,B385405,"AT+GTDAT=gv300w,1,,CMD97,0,,,,FFFF$"
2026-02-19,AM,2026-02-19_155313,868589060380477,2026-02-19T15:53:13.890604+00:00,2026-01-30T22:32:36Z,20.0,9535V6TB8RR068378,CSI,TPPF-62,"AT+GTDAT=gv300w,1,,CMD97,0,,,,FFFF$"
2026-02-19,AM,2026-02-19_155314,868589060167890,2026-02-19T15:53:14.288278+00:00,2026-01-29T22:45:36Z,21.0,W1T964231S0773051,TREKRENTAL,TYGH71,"AT+GTDAT=gv300w,1,,CMD97,0,,,,FFFF$"
2026-02-19,AM,2026-02-19_155314,863457051731782,2026-02-19T15:53:14.676883+00:00,2026-01-28T23:40:24Z,22.0,W1T964231R0674591,GRUPO MPM,TCSL67,"AT+GTDAT=gv300w,1,,CMD97,0,,,,FFFF$"
2026-02-19,AM,2026-02-19_155315,869671070597750,2026-02-19T15:53:15.083368+00:00,2026-01-24T18:00:30Z,26.0,3AKJHPDV5PSUD5528,SOTRASER S A,UD5528,"AT+GTDAT=gv300w,1,,CMD97,0,,,,FFFF$"
2026-02-19,AM,2026-02-19_155315,863457050248911,2026-02-19T15:53:15.469691+00:00,2026-02-02T09:36:14Z,17.0,LSH14C4C8NA101139,SALFA,101139,"AT+GTDAT=gv300w,1,,CMD97,0,,,,FFFF$"
2026-02-19,AM,2026-02-19_155315,869671070594195,2026-02-19T15:53:15.878009+00:00,2026-01-26T19:19:24Z,24.0,9BM951104RB333262,TREKRENTAL,TFKV98,"AT+GTDAT=gv300w,1,,CMD97,0,,,,FFFF$"
2026-02-19,AM,2026-02-19_155316,869671070586829,2026-02-19T15:53:16.276583+00:00,2026-01-22T13:07:05Z,28.0,3ALACYF38RDUX3651,100% EQUIPADOS,DUX3651,"AT+GTDAT=gv300w,1,,CMD97,0,,,,FFFF$"
2026-02-19,AM,2026-02-19_155316,869671070587397,2026-02-19T15:53:16.676992+00:00,2026-01-26T19:39:03Z,24.0,3AKJHPDV1PSUD5512,SOTRASER S A,UD5512,"AT+GTDAT=gv300w,1,,CMD97,0,,,,FFFF$"
2026-02-19,AM,2026-02-19_155317,863238070326766,2026-02-19T15:53:17.085845+00:00,2026-01-27T18:04:08Z,23.0,JL6BHG6A2TK000124,100% EQUIPADOS,K000124,"AT+GTDAT=gv300w,1,,CMD97,0,,,,FFFF$"
2026-02-19,AM,2026-02-19_155317,863457051129268,2026-02-19T15:53:17.475453+00:00,2026-02-03T18:12:55Z,16.0,W1T964026P0638104,GRUPO MPM,SWVG20,"AT+GTDAT=gv300w,1,,CMD97,0,,,,FFFF$"
2026-02-19,AM,2026-02-19_155317,869671072167040,2026-02-19T15:53:17.902221+00:00,2026-02-01T13:59:26Z,18.0,JL6BHG6A5TK000439,100% EQUIPADOS,TK000439,"AT+GTDAT=gv300w,1,,CMD97,0,,,,FFFF$"
2026-02-19,AM,2026-02-19_155318,863457050645173,2026-02-19T15:53:18.288811+00:00,2026-01-31T22:37:37Z,19.0,LSH14C4C4NA101123,GRUPO TNT,SWJH45,"AT+GTDAT=gv300w,1,,CMD97,0,,,,FFFF$"
2026-02-19,AM,2026-02-19_155318,869671070598758,2026-02-19T15:53:18.690374+00:00,2026-01-27T13:02:37Z,23.0,W1T964231S0788388,STOCK,0788388,"AT+GTDAT=gv300w,1,,CMD97,0,,,,FFFF$"
2026-02-19,AM,2026-02-19_155319,867162027187350,2026-02-19T15:53:19.078601+00:00,2026-01-24T13:01:38Z,26.0,WDB932315K0311695,EMIN,PGPZ32,"AT+GTDAT=gv300w,1,,CMD97,0,,,,FFFF$"
2026-02-19,AM,2026-02-19_155319,863457052205414,2026-02-19T15:53:19.464499+00:00,2026-01-25T17:22:34Z,25.0,WJME53TU6RC500454,DIVEMOTOR PERU,BYJ-744,"AT+GTDAT=gv300w,1,,CMD97,0,,,,FFFF$"
2026-02-19,AM,2026-02-19_155319,867162029853801,2026-02-19T15:53:19.870640+00:00,2026-02-02T18:24:27Z,17.0,W1T964216N0526062,TREKRENTAL,RHPJ-35,"AT+GTDAT=gv300w,1,,CMD97,0,,,,FFFF$"
2026-02-19,AM,2026-02-19_155320,867162026969949,2026-02-19T15:53:20.254456+00:00,2026-02-02T17:41:28Z,17.0,3AKJHPDV6KSKP7181,TRANSVER (CM),LRSY44,"AT+GTDAT=gv300w,1,,CMD97,0,,,,FFFF$"
2026-02-19,AM,2026-02-19_155320,863457052209713,2026-02-19T15:53:20.648372+00:00,2026-01-27T03:14:03Z,24.0,LSFAM1203RA041248,GERENCIA ELECTROMOVILIDAD,041248,"AT+GTDAT=gv300w,1,,CMD97,0,,,,FFFF$"
2026-02-19,AM,2026-02-19_155321,863457050229945,2026-02-19T15:53:21.042101+00:00,2026-02-04T14:44:24Z,15.0,W1T964231P0641225,RENTAMAQ,SRJZ25,"AT+GTDAT=gv300w,1,,CMD97,0,,,,FFFF$"
2026-02-19,AM,2026-02-19_155321,869671070581275,2026-02-19T15:53:21.465995+00:00,2026-01-27T15:43:12Z,23.0,JL6BGG6A0SK000382,PESCO RENTAL,VDTZ13,"AT+GTDAT=gv300w,1,,CMD97,0,,,,FFFF$"
2026-02-19,AM,2026-02-19_155321,869671070582588,2026-02-19T15:53:21.851427+00:00,2026-02-02T22:16:41Z,17.0,9BM958434RB319826,100% EQUIPADOS,B319826,"AT+GTDAT=gv300w,1,,CMD97,0,,,,FFFF$"
2026-02-19,AM,2026-02-19_155322,863238070324910,2026-02-19T15:53:22.250664+00:00,2026-01-26T14:00:39Z,24.0,JL6CJH6A1TK000484,100% EQUIPADOS,TK000484,"AT+GTDAT=gv300w,1,,CMD97,0,,,,FFFF$"
2026-02-19,AM,2026-02-19_155322,863238070324332,2026-02-19T15:53:22.645787+00:00,2026-01-25T19:21:36Z,25.0,1FVHG3DVXSHWE6592,100% EQUIPADOS,HWE6592,"AT+GTDAT=gv300w,1,,CMD97,0,,,,FFFF$"
2026-02-19,AM,2026-02-19_155323,863457050268521,2026-02-19T15:53:23.053156+00:00,2026-01-26T12:25:57Z,24.0,LSFAM11A5NA061425,TERRA NORTE SPA (CM),RXFG65,"AT+GTDAT=gv300w,1,,CMD97,0,,,,FFFF$"
2026-02-19,AM,2026-02-19_155323,867162027874411,2026-02-19T15:53:23.448378+00:00,2026-01-22T14:45:16Z,28.0,W1T964016L0427396,CSI,PHLG14,"AT+GTDAT=gv300w,1,,CMD97,0,,,,FFFF$"
2026-02-19,AM,2026-02-19_155323,863457051699674,2026-02-19T15:53:23.835024+00:00,2026-01-27T15:58:27Z,23.0,9BM951104RB332107,TREKRENTAL,TBDJ68,"AT+GTDAT=gv300w,1,,CMD97,0,,,,FFFF$"
2026-02-19,AM,2026-02-19_155324,863457051697207,2026-02-19T15:53:24.233620+00:00,2026-01-26T21:25:53Z,24.0,W1T964231R0705939,GRUPO MPM,TFJR17,"AT+GTDAT=gv300w,1,,CMD97,0,,,,FFFF$"
2026-02-19,AM,2026-02-19_155324,863457052208376,2026-02-19T15:53:24.634622+00:00,2026-01-28T16:09:14Z,22.0,JL6CDH634RK003638,GERENCIA ELECTROMOVILIDAD,TSRX53,"AT+GTDAT=gv300w,1,,CMD97,0,,,,FFFF$"
2026-02-19,AM,2026-02-19_155325,869671072171307,2026-02-19T15:53:25.076768+00:00,2026-02-02T21:14:51Z,17.0,W1T964231T0836457,TRANEX,VRXW28,"AT+GTDAT=gv300w,1,,CMD97,0,,,,FFFF$"
2026-02-19,AM,2026-02-19_155325,869671070586456,2026-02-19T15:53:25.472523+00:00,2026-01-31T12:27:51Z,19.0,W1T964231S0790984,GRUPO MPM,TYDV57,"AT+GTDAT=gv300w,1,,CMD97,0,,,,FFFF$"
2026-02-19,AM,2026-02-19_155325,869671070594286,2026-02-19T15:53:25.861906+00:00,2026-01-30T20:17:32Z,20.0,W1T964231S0793119,INCOLUR (CM),VDTY-60,"AT+GTDAT=gv300w,1,,CMD97,0,,,,FFFF$"
2026-02-19,AM,2026-02-19_155326,869671070583115,2026-02-19T15:53:26.301175+00:00,2026-01-22T19:28:42Z,28.0,JL6CJH6A1TK000579,100% EQUIPADOS,TK000579,"AT+GTDAT=gv300w,1,,CMD97,0,,,,FFFF$"
2026-02-19,AM,2026-02-19_155326,868589060418103,2026-02-19T15:53:26.686648+00:00,2026-02-03T14:29:46Z,16.0,W1V907645SP715006,ZUBLIN,715006,"AT+GTDAT=gv300w,1,,CMD97,0,,,,FFFF$"
2026-02-19,AM,2026-02-19_155327,869671070585680,2026-02-19T15:53:27.217249+00:00,2026-01-25T10:02:18Z,25.0,9BM634016SB387027,STOCK CHILE - BUSES & VANS,B387027,"AT+GTDAT=gv300w,1,,CMD97,0,,,,FFFF$"
2026-02-19,AM,2026-02-19_155327,869671070580962,2026-02-19T15:53:27.633039+00:00,2026-01-20T16:56:34Z,30.0,3ALHG3DV3TDWN2276,STOCK,DWN2276,"AT+GTDAT=gv300w,1,,CMD97,0,,,,FFFF$"
2026-02-19,AM,2026-02-19_155328,867162027954007,2026-02-19T15:53:28.037467+00:00,2026-01-31T00:00:17Z,20.0,3AKJHPDV1PSNL7333,TRANSPORTES VERASAY SPA,SWBT22,"AT+GTDAT=gv300w,1,,CMD97,0,,,,FFFF$"
2026-02-19,AM,2026-02-19_155328,863457051076659,2026-02-19T15:53:28.442650+00:00,2026-02-03T13:32:27Z,16.0,W1T964026P0638569,GRUPO MPM,SWVG38,"AT+GTDAT=gv300w,1,,CMD97,0,,,,FFFF$"
2026-02-19,AM,2026-02-19_155328,863457051732376,2026-02-19T15:53:28.970573+00:00,2026-02-04T17:09:05Z,15.0,W1T964216R0662331,IMOPAC,662331,"AT+GTDAT=gv300w,1,,CMD97,0,,,,FFFF$"
2026-02-19,AM,2026-02-19_155329,868589060410670,2026-02-19T15:53:29.393816+00:00,2026-01-26T18:30:20Z,24.0,W1T964016R0661051,TREKRENTAL,TTCG83,"AT+GTDAT=gv300w,1,,CMD97,0,,,,FFFF$"
2026-02-19,AM,2026-02-19_155329,867162029481926,2026-02-19T15:53:29.788611+00:00,2026-02-03T09:35:50Z,16.0,W1T964016M0434742,CSI,PHLF86,"AT+GTDAT=gv300w,1,,CMD97,0,,,,FFFF$"
2026-02-19,AM,2026-02-19_155330,869671070590466,2026-02-19T15:53:30.174316+00:00,2026-02-04T17:23:35Z,15.0,9BM958260SB399817,100% EQUIPADOS,B399817,"AT+GTDAT=gv300w,1,,CMD97,0,,,,FFFF$"
2026-02-19,AM,2026-02-19_155330,863457052211875,2026-02-19T15:53:30.559651+00:00,2026-01-23T19:33:23Z,27.0,3AKJHPDV6PSUD5571,STOCK,UD5571,"AT+GTDAT=gv300w,1,,CMD97,0,,,,FFFF$"
2026-02-19,AM,2026-02-19_155330,863457050601119,2026-02-19T15:53:30.955855+00:00,2026-01-27T22:37:50Z,23.0,9BM958434PB285530,COMERCIAL MAS AGRO LIMITADA,SGWY45,"AT+GTDAT=gv300w,1,,CMD97,0,,,,FFFF$"
2026-02-19,AM,2026-02-19_155331,869671070598501,2026-02-19T15:53:31.350102+00:00,2026-02-01T15:43:00Z,18.0,W1T964231S0779763,100% EQUIPADOS,779763,"AT+GTDAT=gv300w,1,,CMD97,0,,,,FFFF$"
2026-02-19,AM,2026-02-19_155331,869671072166257,2026-02-19T15:53:31.750217+00:00,2026-02-02T18:24:45Z,17.0,W1T963414TB440696,AGENCIAS UNIVERSALES S A,VRFD19,"AT+GTDAT=gv300w,1,,CMD97,0,,,,FFFF$"
2026-02-19,AM,2026-02-19_155332,863457050629151,2026-02-19T15:53:32.186054+00:00,2026-02-03T10:21:02Z,16.0,W1T964231P0589603,CONPAX MAQUINARIAS,SDTP78,"AT+GTDAT=gv300w,1,,CMD97,0,,,,FFFF$"
2026-02-19,AM,2026-02-19_155332,869671070585607,2026-02-19T15:53:32.577805+00:00,2026-01-23T10:43:52Z,27.0,JL6CLH6A0SK006916,100% EQUIPADOS,K006916,"AT+GTDAT=gv300w,1,,CMD97,0,,,,FFFF$"
2026-02-19,AM,2026-02-19_155332,869671072163197,2026-02-19T15:53:32.985718+00:00,2026-02-04T19:50:09Z,15.0,JL6BGG6A1SK002304,100% EQUIPADOS,SK002304,"AT+GTDAT=gv300w,1,,CMD97,0,,,,FFFF$"
2026-02-19,AM,2026-02-19_155333,867162027611425,2026-02-19T15:53:33.380464+00:00,2026-01-28T13:32:38Z,22.0,WDB932315L0367454,EMIN,PGPZ34,"AT+GTDAT=gv300w,1,,CMD97,0,,,,FFFF$"
2026-02-19,AM,2026-02-19_155333,863457050639879,2026-02-19T15:53:33.769338+00:00,2026-01-24T23:29:27Z,26.0,W1T964231P0611158,TREKRENTAL,SPCR74,"AT+GTDAT=gv300w,1,,CMD97,0,,,,FFFF$"
2026-02-19,AM,2026-02-19_155334,868589060163402,2026-02-19T15:53:34.173642+00:00,2026-02-04T12:58:35Z,15.0,9536R8266RR071420,CSI,TPPF64,"AT+GTDAT=gv300w,1,,CMD97,0,,,,FFFF$"
2026-02-19,AM,2026-02-19_155334,869671072165556,2026-02-19T15:53:34.571233+00:00,2026-01-27T16:51:02Z,23.0,MEC0444P7TP075902,100% EQUIPADOS,P075902,"AT+GTDAT=gv300w,1,,CMD97,0,,,,FFFF$"
2026-02-19,AM,2026-02-19_155334,863238070327053,2026-02-19T15:53:34.992434+00:00,2026-01-27T12:41:03Z,23.0,W1T964231S0810479,STOCK,0810479,"AT+GTDAT=gv300w,1,,CMD97,0,,,,FFFF$"
2026-02-19,AM,2026-02-19_155335,867162027944107,2026-02-19T15:53:35.403644+00:00,2026-01-23T15:34:26Z,27.0,W1T964231P0575253,BESALCO MINERIA,SDCV.20,"AT+GTDAT=gv300w,1,,CMD97,0,,,,FFFF$"
2026-02-19,AM,2026-02-19_155335,869671070576317,2026-02-19T15:53:35.795016+00:00,2026-02-02T20:10:55Z,17.0,W1T964231S0759842,100% EQUIPADOS,0759842,"AT+GTDAT=gv300w,1,,CMD97,0,,,,FFFF$"
2026-02-19,AM,2026-02-19_155336,868589060681346,2026-02-19T15:53:36.188911+00:00,2026-01-26T15:32:45Z,24.0,W1T964016T0823001,100% EQUIPADOS,0823001,"AT+GTDAT=gv300w,1,,CMD97,0,,,,FFFF$"
2026-02-19,AM,2026-02-19_155336,867162026500116,2026-02-19T15:53:36.574620+00:00,2026-01-31T17:38:09Z,19.0,WDB932315L0367077,EMIN,PGPZ35,"AT+GTDAT=gv300w,1,,CMD97,0,,,,FFFF$"
2026-02-19,AM,2026-02-19_155336,869671070588973,2026-02-19T15:53:36.987071+00:00,2026-01-27T18:25:45Z,23.0,W1T964231S0808944,100% EQUIPADOS,0808944,"AT+GTDAT=gv300w,1,,CMD97,0,,,,FFFF$"
2026-02-19,AM,2026-02-19_155337,863238070327194,2026-02-19T15:53:37.392151+00:00,2026-01-20T22:03:50Z,30.0,W1T964016T0823292,100% EQUIPADOS,0823292,"AT+GTDAT=gv300w,1,,CMD97,0,,,,FFFF$"
2026-02-19,AM,2026-02-19_155337,869671070593015,2026-02-19T15:53:37.779695+00:00,2026-01-27T14:21:46Z,23.0,9BM958264RB342587,PESCO RENTAL,TKJW61,"AT+GTDAT=gv300w,1,,CMD97,0,,,,FFFF$"
2026-02-19,AM,2026-02-19_155338,863457051696548,2026-02-19T15:53:38.189485+00:00,2026-01-31T04:58:13Z,19.0,LSFAL1109RA043848,EVERCRISP SNACK PRODUCTOS DE CHILE S A,043848,"AT+GTDAT=gv300w,1,,CMD97,0,,,,FFFF$"
2026-02-19,AM,2026-02-19_155338,863238070319282,2026-02-19T15:53:38.574650+00:00,2026-02-02T19:54:38Z,17.0,W1T964231S0759841,100% EQUIPADOS,0759841,"AT+GTDAT=gv300w,1,,CMD97,0,,,,FFFF$"
2026-02-19,AM,2026-02-19_155339,869671072166091,2026-02-19T15:53:39.045448+00:00,2026-01-26T03:45:41Z,25.0,JL6CJH6A8TK000577,100% EQUIPADOS,TK000577,"AT+GTDAT=gv300w,1,,CMD97,0,,,,FFFF$"
2026-02-19,AM,2026-02-19_155339,869671070576911,2026-02-19T15:53:39.440714+00:00,2026-02-04T15:41:55Z,15.0,3AKJHPDV1PSUD5445,SOTRASER S A,UD5445,"AT+GTDAT=gv300w,1,,CMD97,0,,,,FFFF$"
2026-02-19,AM,2026-02-19_155339,868589060188250,2026-02-19T15:53:39.834658+00:00,2026-02-04T20:18:06Z,15.0,9BM958154RB333163,GRUPO VENTAS TECNICAS,333163,"AT+GTDAT=gv300w,1,,CMD97,0,,,,FFFF$"
2026-02-19,AM,2026-02-19_155340,869671070598402,2026-02-19T15:53:40.222680+00:00,2026-01-30T15:00:15Z,20.0,W1T964231S0779765,STOCK,0779765,"AT+GTDAT=gv300w,1,,CMD97,0,,,,FFFF$"
2026-02-19,AM,2026-02-19_155340,867162029788353,2026-02-19T15:53:40.618826+00:00,2026-01-29T22:02:00Z,21.0,W1T964414N0505524,SERVILINARES (CM),RDVL18,"AT+GTDAT=gv300w,1,,CMD97,0,,,,FFFF$"
2026-02-19,AM,2026-02-19_155341,867162027872605,2026-02-19T15:53:41.058245+00:00,2026-02-03T12:30:39Z,16.0,WDB932315K0254360,ASOCIACION INDIGENA DE COPAQUIRE,PFXP76,"AT+GTDAT=gv300w,1,,CMD97,0,,,,FFFF$"
2026-02-19,AM,2026-02-19_155341,869671070578909,2026-02-19T15:53:41.455831+00:00,2026-02-04T19:35:55Z,15.0,9BM958441PB302650,100% EQUIPADOS,B302650,"AT+GTDAT=gv300w,1,,CMD97,0,,,,FFFF$"
2026-02-19,AM,2026-02-19_155341,869671070589385,2026-02-19T15:53:41.847200+00:00,2026-01-27T12:44:53Z,23.0,W1T964231S0810050,STOCK,0810050,"AT+GTDAT=gv300w,1,,CMD97,0,,,,FFFF$"
2026-02-19,AM,2026-02-19_155342,869671070591381,2026-02-19T15:53:42.282453+00:00,2026-01-31T14:49:32Z,19.0,W1T964231S0793544,100% EQUIPADOS,0793544,"AT+GTDAT=gv300w,1,,CMD97,0,,,,FFFF$"
2026-02-19,AM,2026-02-19_155342,868589060348839,2026-02-19T15:53:42.674104+00:00,2026-02-03T16:49:52Z,16.0,W1T964231S0776862,TREKRENTAL,TVYD-53,"AT+GTDAT=gv300w,1,,CMD97,0,,,,FFFF$"
2026-02-19,AM,2026-02-19_155343,869671070575533,2026-02-19T15:53:43.066067+00:00,2026-02-01T21:54:40Z,18.0,W1T964231S0789507,100% EQUIPADOS,0789507,"AT+GTDAT=gv300w,1,,CMD97,0,,,,FFFF$"
2026-02-19,AM,2026-02-19_155343,869671070589815,2026-02-19T15:53:43.471659+00:00,2026-01-21T16:13:37Z,29.0,JL6CLH6A2SK006898,100% EQUIPADOS,K006898,"AT+GTDAT=gv300w,1,,CMD97,0,,,,FFFF$"
2026-02-19,AM,2026-02-19_155343,868589060174003,2026-02-19T15:53:43.858329+00:00,2026-01-31T01:03:14Z,20.0,W1T964016L0426114,CSI,PHLF95,"AT+GTDAT=gv300w,1,,CMD97,0,,,,FFFF$"
2026-02-19,AM,2026-02-19_155344,869671070587850,2026-02-19T15:53:44.255031+00:00,2026-01-28T14:32:35Z,22.0,YS2R4X20005464405,STOCK,AASV472,"AT+GTDAT=gv300w,1,,CMD97,0,,,,FFFF$"
2026-02-19,AM,2026-02-19_155344,869671070590805,2026-02-19T15:53:44.649865+00:00,2026-01-27T12:23:58Z,23.0,W1T964231S0792910,INCOLUR (CM),TZGK-78,"AT+GTDAT=gv300w,1,,CMD97,0,,,,FFFF$"
2026-02-19,AM,2026-02-19_155345,869671070574700,2026-02-19T15:53:45.057001+00:00,2026-01-23T12:58:24Z,27.0,9BM958260SB364861,100% EQUIPADOS,B364861,"AT+GTDAT=gv300w,1,,CMD97,0,,,,FFFF$"
2026-02-19,AM,2026-02-19_155345,865413056250623,2026-02-19T15:53:45.467318+00:00,2026-02-04T15:22:14Z,15.0,MEC0574P8SP071869,100% EQUIPADOS,P071869,"AT+GTDAT=gv300w,1,,CMD97,0,,,,FFFF$"
2026-02-19,AM,2026-02-19_155345,869671070596943,2026-02-19T15:53:45.861792+00:00,2026-02-01T17:39:22Z,18.0,JL6CLH6A9SK006381,100% EQUIPADOS,K006381,"AT+GTDAT=gv300w,1,,CMD97,0,,,,FFFF$"
2026-02-19,AM,2026-02-19_155346,863457050634813,2026-02-19T15:53:46.352312+00:00,2026-01-24T18:26:53Z,26.0,W1T964231P0594307,TREKRENTAL,SFYW-43,"AT+GTDAT=gv300w,1,,CMD97,0,,,,FFFF$"
2026-02-19,AM,2026-02-19_155346,869671070585292,2026-02-19T15:53:46.747878+00:00,2026-02-03T13:03:06Z,16.0,W1T964231P0640708,EMIN,SVFD-52,"AT+GTDAT=gv300w,1,,CMD97,0,,,,FFFF$"
2026-02-19,AM,2026-02-19_155347,867162025942970,2026-02-19T15:53:47.151614+00:00,2026-01-28T21:00:13Z,22.0,WDB932315K0276863,CONPAX MAQUINARIAS,KWKK62,"AT+GTDAT=gv300w,1,,CMD97,0,,,,FFFF$"
2026-02-19,AM,2026-02-19_155347,868589060644229,2026-02-19T15:53:47.539946+00:00,2026-01-27T14:58:07Z,23.0,W1T964016T0822749,100% EQUIPADOS,0822749,"AT+GTDAT=gv300w,1,,CMD97,0,,,,FFFF$"
2026-02-19,AM,2026-02-19_155347,869671072165614,2026-02-19T15:53:47.947453+00:00,2026-01-31T02:03:51Z,20.0,JL6BHG6A6TK000482,100% EQUIPADOS,TK000482,"AT+GTDAT=gv300w,1,,CMD97,0,,,,FFFF$"
2026-02-19,AM,2026-02-19_155348,863238070325727,2026-02-19T15:53:48.346826+00:00,2026-01-24T16:09:57Z,26.0,W1T964016T0833696,100% EQUIPADOS,0833696,"AT+GTDAT=gv300w,1,,CMD97,0,,,,FFFF$"
2026-02-19,AM,2026-02-19_155348,863457052212683,2026-02-19T15:53:48.738523+00:00,2026-02-03T21:00:54Z,16.0,9BM634074RB339562,TRAVELTUR,TFTV60,"AT+GTDAT=gv300w,1,,CMD97,0,,,,FFFF$"
2026-02-19,AM,2026-02-19_155349,869671072171489,2026-02-19T15:53:49.163145+00:00,2026-02-03T12:43:27Z,16.0,W1T964231T0818737,INCOLUR (CM),VDTY-59,"AT+GTDAT=gv300w,1,,CMD97,0,,,,FFFF$"
2026-02-19,AM,2026-02-19_155349,869671070591886,2026-02-19T15:53:49.550203+00:00,2026-01-24T21:56:07Z,26.0,W1T964231S0790222,GRUPO MPM,0790222,"AT+GTDAT=gv300w,1,,CMD97,0,,,,FFFF$"
2026-02-19,AM,2026-02-19_155350,863457052208657,2026-02-19T15:53:50.042329+00:00,2026-01-23T20:13:06Z,27.0,9BM634074RB342043,DIVEMOTOR PERU,CPF-321,"AT+GTDAT=gv300w,1,,CMD97,0,,,,FFFF$"
2026-02-19,AM,2026-02-19_155350,869671072172016,2026-02-19T15:53:50.441885+00:00,2026-01-26T19:25:38Z,24.0,W1T964231T0835568,TRANEX,VRXW16,"AT+GTDAT=gv300w,1,,CMD97,0,,,,FFFF$"
2026-02-19,AM,2026-02-19_155350,867162027102748,2026-02-19T15:53:50.832254+00:00,2026-02-03T00:46:19Z,17.0,JL5ASG6A7LRK30413,GERENCIA NEGOCIOS DIGITALES,LWHT66,"AT+GTDAT=gv300w,1,,CMD97,0,,,,FFFF$"
2026-02-19,AM,2026-02-19_155351,869671070586670,2026-02-19T15:53:51.228079+00:00,2026-01-29T22:16:56Z,21.0,W1T963425SB400086,100% EQUIPADOS,B400086,"AT+GTDAT=gv300w,1,,CMD97,0,,,,FFFF$"
2026-02-19,AM,2026-02-19_155351,869671072172057,2026-02-19T15:53:51.626166+00:00,2026-01-27T15:50:49Z,23.0,9BM634013SB357586,COFLONORTE,SSR925,"AT+GTDAT=gv300w,1,,CMD97,0,,,,FFFF$"
2026-02-19,AM,2026-02-19_155352,867162027634666,2026-02-19T15:53:52.021557+00:00,2026-01-24T21:34:22Z,26.0,WDB932315L0367075,EMIN,PGPZ33,"AT+GTDAT=gv300w,1,,CMD97,0,,,,FFFF$"
2026-02-19,AM,2026-02-19_155352,863457051077632,2026-02-19T15:53:52.407510+00:00,2026-01-27T19:39:27Z,23.0,W1T964231R0706345,TREKRENTAL,STBF90,"AT+GTDAT=gv300w,1,,CMD97,0,,,,FFFF$"
2026-02-19,AM,2026-02-19_155352,869671072165093,2026-02-19T15:53:52.794838+00:00,2026-02-03T20:01:43Z,16.0,9BM634013TB392122,DIVEMOTOR COLOMBIA,B392122,"AT+GTDAT=gv300w,1,,CMD97,0,,,,FFFF$"
2026-02-19,AM,2026-02-19_155353,863457051066510,2026-02-19T15:53:53.193220+00:00,2026-01-23T17:27:32Z,27.0,WDB963403K0276976,TRANSPORTES CAVALIERI (CM),LBTS59,"AT+GTDAT=gv300w,1,,CMD97,0,,,,FFFF$"
2026-02-19,AM,2026-02-19_155353,869671070594914,2026-02-19T15:53:53.578872+00:00,2026-01-27T23:11:06Z,23.0,W1T964231S0797452,100% EQUIPADOS,0797452,"AT+GTDAT=gv300w,1,,CMD97,0,,,,FFFF$"
2026-02-19,AM,2026-02-19_155354,869671070597016,2026-02-19T15:53:54.015354+00:00,2026-01-28T14:03:13Z,22.0,W1T964231RB319648,JRC SPA,TCWY86,"AT+GTDAT=gv300w,1,,CMD97,0,,,,FFFF$"
2026-02-19,AM,2026-02-19_155354,863457052209044,2026-02-19T15:53:54.411328+00:00,2026-02-03T20:27:01Z,16.0,W1T964231R0697842,GRUPO MPM,TGCZ13,"AT+GTDAT=gv300w,1,,CMD97,0,,,,FFFF$"
2026-02-19,AM,2026-02-19_155354,867162029141850,2026-02-19T15:53:54.806774+00:00,2026-01-30T22:02:53Z,20.0,W1T964231N0558040,RENTAMAQ,RYHR11,"AT+GTDAT=gv300w,1,,CMD97,0,,,,FFFF$"
2026-02-19,AM,2026-02-19_155355,863238070322419,2026-02-19T15:53:55.210959+00:00,2026-01-27T19:11:08Z,23.0,3ALHG3DV8TDWN2273,100% EQUIPADOS,DWN2273,"AT+GTDAT=gv300w,1,,CMD97,0,,,,FFFF$"
2026-02-19,AM,2026-02-19_155355,869671070574569,2026-02-19T15:53:55.606380+00:00,2026-01-28T02:56:47Z,23.0,9BM958154SB370476,PESCO RENTAL,VBGT90,"AT+GTDAT=gv300w,1,,CMD97,0,,,,FFFF$"
2026-02-19,AM,2026-02-19_155356,867162027840099,2026-02-19T15:53:56.004776+00:00,2026-01-29T22:58:28Z,21.0,WDB964231L0390574,INCOLUR (CM),LXCY-47,"AT+GTDAT=gv300w,1,,CMD97,0,,,,FFFF$"
2026-02-19,AM,2026-02-19_155356,863457050620911,2026-02-19T15:53:56.407357+00:00,2026-01-26T20:14:24Z,24.0,W1T964231P0599104,TREKRENTAL,SJFT43,"AT+GTDAT=gv300w,1,,CMD97,0,,,,FFFF$"
2026-02-19,AM,2026-02-19_155356,869671070581952,2026-02-19T15:53:56.804847+00:00,2026-01-28T03:56:16Z,22.0,JL6BHG6A6SK007527,100% EQUIPADOS,K007527,"AT+GTDAT=gv300w,1,,CMD97,0,,,,FFFF$"
2026-02-19,AM,2026-02-19_155357,863457052210430,2026-02-19T15:53:57.218759+00:00,2026-01-27T19:11:53Z,23.0,W1T964231R0719619,GRUPO MPM,TGCD32,"AT+GTDAT=gv300w,1,,CMD97,0,,,,FFFF$"
2026-02-19,AM,2026-02-19_155357,869671070587009,2026-02-19T15:53:57.627640+00:00,2026-02-04T15:46:21Z,15.0,W1T964231S0811496,100% EQUIPADOS,0811496,"AT+GTDAT=gv300w,1,,CMD97,0,,,,FFFF$"
2026-02-19,AM,2026-02-19_155358,869671070584055,2026-02-19T15:53:58.025753+00:00,2026-01-26T05:01:40Z,24.0,JL6BHG6A3TK000522,100% EQUIPADOS,K000522,"AT+GTDAT=gv300w,1,,CMD97,0,,,,FFFF$"
2026-02-19,AM,2026-02-19_155358,868589060354126,2026-02-19T15:53:58.413623+00:00,2026-01-23T15:44:11Z,27.0,W1T964216S0791963,TREKRENTAL,TYGP-41,"AT+GTDAT=gv300w,1,,CMD97,0,,,,FFFF$"
2026-02-19,AM,2026-02-19_155358,869671070583834,2026-02-19T15:53:58.807475+00:00,2026-01-26T18:30:10Z,24.0,JL6BHG6A5TK000490,100% EQUIPADOS,TK000490,"AT+GTDAT=gv300w,1,,CMD97,0,,,,FFFF$"
2026-02-19,AM,2026-02-19_155359,863457050605912,2026-02-19T15:53:59.199306+00:00,2026-01-29T19:49:02Z,21.0,W1T964231P0604221,INCOLUR (CM),SLXW-44,"AT+GTDAT=gv300w,1,,CMD97,0,,,,FFFF$"
2026-02-19,AM,2026-02-19_155359,869671070575673,2026-02-19T15:53:59.595546+00:00,2026-01-26T14:19:14Z,24.0,3ALHCYCY0SDWG0141,STOCK,DWG0141,"AT+GTDAT=gv300w,1,,CMD97,0,,,,FFFF$"
2026-02-19,AM,2026-02-19_155400,867162029313236,2026-02-19T15:54:00.053614+00:00,2026-02-03T11:27:33Z,16.0,ASVRT135CRDF01337,SI AUSTRAL LTDA.,F01337,"AT+GTDAT=gv300w,1,,CMD97,0,,,,FFFF$"
2026-02-19,AM,2026-02-19_155400,869671070579402,2026-02-19T15:54:00.442805+00:00,2026-02-02T21:19:57Z,17.0,W1T964231S0780298,TRANEX,0780298,"AT+GTDAT=gv300w,1,,CMD97,0,,,,FFFF$"
2026-02-19,AM,2026-02-19_155400,869671070597677,2026-02-19T15:54:00.836083+00:00,2026-02-03T15:08:19Z,16.0,W1T964231S0766646,STOCK,766646,"AT+GTDAT=gv300w,1,,CMD97,0,,,,FFFF$"
2026-02-19,AM,2026-02-19_155401,868589060167056,2026-02-19T15:54:01.234468+00:00,2026-01-26T17:38:26Z,24.0,W1T964016T0822748,100% EQUIPADOS,0822748,"AT+GTDAT=gv300w,1,,CMD97,0,,,,FFFF$"
2026-02-19,AM,2026-02-19_155401,863457052209119,2026-02-19T15:54:01.629087+00:00,2026-02-01T18:05:41Z,18.0,W1T964231R0722000,GRUPO MPM,TGGG38,"AT+GTDAT=gv300w,1,,CMD97,0,,,,FFFF$"
2026-02-19,AM,2026-02-19_155402,869671070581572,2026-02-19T15:54:02.025987+00:00,2026-02-02T23:09:24Z,17.0,W1T964414P0624005,ZUBLIN,0624005,"AT+GTDAT=gv300w,1,,CMD97,0,,,,FFFF$"
2026-02-19,AM,2026-02-19_155402,863457050207487,2026-02-19T15:54:02.424618+00:00,2026-01-27T20:16:38Z,23.0,W1T963424P0604966,FORESTAL ARAUCO S.A.,604966,"AT+GTDAT=gv300w,1,,CMD97,0,,,,FFFF$"
2026-02-19,AM,2026-02-19_155402,863457052177258,2026-02-19T15:54:02.816507+00:00,2026-01-23T04:24:16Z,27.0,LZFH25X43ND582997,SOTRASER S A,TBLG73,"AT+GTDAT=gv300w,1,,CMD97,0,,,,FFFF$"
2026-02-19,AM,2026-02-19_155403,867162029769460,2026-02-19T15:54:03.206781+00:00,2026-02-02T13:12:23Z,17.0,W1T964231N0500937,IMOPAC,PJYL68,"AT+GTDAT=gv300w,1,,CMD97,0,,,,FFFF$"
2026-02-19,AM,2026-02-19_155403,863238070327731,2026-02-19T15:54:03.606033+00:00,2026-02-02T21:16:52Z,17.0,W1T964231T0835860,TRANEX,VRXW12,"AT+GTDAT=gv300w,1,,CMD97,0,,,,FFFF$"
2026-02-19,AM,2026-02-19_155404,869671070597883,2026-02-19T15:54:04.039457+00:00,2026-01-30T18:53:03Z,20.0,9BM958134RB331286,SERVICIOS AGRICOLAS Y FORESTALES MECANIZADOS SEFOMEC LIMITADA,B331286,"AT+GTDAT=gv300w,1,,CMD97,0,,,,FFFF$"
2026-02-19,AM,2026-02-19_155404,863457051074753,2026-02-19T15:54:04.444654+00:00,2026-01-26T18:28:03Z,24.0,9536R8263PR024519,CSI,SPPP11,"AT+GTDAT=gv300w,1,,CMD97,0,,,,FFFF$"
2026-02-19,AM,2026-02-19_155404,869671072170598,2026-02-19T15:54:04.850500+00:00,2026-01-28T08:24:10Z,22.0,JL6BHG6A3TK000519,100% EQUIPADOS,K000519,"AT+GTDAT=gv300w,1,,CMD97,0,,,,FFFF$"
2026-02-19,AM,2026-02-19_155405,868589060183897,2026-02-19T15:54:05.270467+00:00,2026-01-28T23:23:53Z,22.0,9BM958260RB346758,TREKRENTAL,TLPD-53,"AT+GTDAT=gv300w,1,,CMD97,0,,,,FFFF$"
2026-02-19,AM,2026-02-19_155405,865413056980179,2026-02-19T15:54:05.655809+00:00,2026-01-23T18:45:35Z,27.0,JL6CJH6A9RK006963,100% EQUIPADOS,K006963,"AT+GTDAT=gv300w,1,,CMD97,0,,,,FFFF$"
2026-02-19,AM,2026-02-19_155406,869671070582166,2026-02-19T15:54:06.062992+00:00,2026-01-29T17:33:23Z,21.0,9BM958154SB358097,STOCK,B358097,"AT+GTDAT=gv300w,1,,CMD97,0,,,,FFFF$"
2026-02-19,AM,2026-02-19_155406,867162027955731,2026-02-19T15:54:06.451283+00:00,2026-01-24T13:27:41Z,26.0,W1T964231N0512488,EMIN,RFGB-75,"AT+GTDAT=gv300w,1,,CMD97,0,,,,FFFF$"
2026-02-19,AM,2026-02-19_155406,869671070591753,2026-02-19T15:54:06.890271+00:00,2026-02-03T02:47:18Z,17.0,9BM958154SB371211,100% EQUIPADOS,B371211,"AT+GTDAT=gv300w,1,,CMD97,0,,,,FFFF$"
2026-02-19,AM,2026-02-19_155407,869671070583859,2026-02-19T15:54:07.284715+00:00,2026-01-26T19:24:48Z,24.0,W1T964231T0835898,TRANEX,VRXV91,"AT+GTDAT=gv300w,1,,CMD97,0,,,,FFFF$"
2026-02-19,AM,2026-02-19_155407,868589060258889,2026-02-19T15:54:07.681322+00:00,2026-02-04T00:07:35Z,16.0,MEC2047R6RP150521,EMPRESA CONSTRUCTORA LAS LILAS SPA,150521,"AT+GTDAT=gv300w,1,,CMD97,0,,,,FFFF$"
