date,imei,iccid,command,dedupe_key,status,http_code,note,txid,slot
2026-02-04,869671070590144,8.999931200310007e+18,"AT+GTDAT=gv300w,1,,CMD2112,0,,,,FFFF$",0f57f5fa53cccab9125440f86fab8a5b7bea7be86da4dfe93952d22c44ea7d4f,OK,200,ThingId_ICCID_8999931200310007056_1770217921603_0.5541425491299996,ThingId_ICCID_8999931200310007056_1770217921603_0.5541425491299996,
2026-02-04,869671070574999,8.999931200310006e+18,"AT+GTDAT=gv300w,1,,CMD2112,0,,,,FFFF$",6676a7e1fa31d95938faea45df5daff4f6e8f875800a329b4ed92add0a672088,OK,200,ThingId_ICCID_8999931200310005828_1770217928837_0.5252907073432664,ThingId_ICCID_8999931200310005828_1770217928837_0.5252907073432664,
2026-02-04,869671070587322,8.999931200310009e+18,"AT+GTDAT=gv300w,1,,CMD2112,0,,,,FFFF$",8f377a5bdc9dcda88ec5ff4bd065f7ca95cb246e006dfa5fbb169383073c8747,OK,200,ThingId_ICCID_8999931200310008877_1770217935638_0.9474265536511031,ThingId_ICCID_8999931200310008877_1770217935638_0.9474265536511031,
2026-02-04,869671070577307,8.999931200310005e+18,"AT+GTDAT=gv300w,1,,CMD2112,0,,,,FFFF$",fbe9f5b8c2b18e9a0766d58f5469d76cc7dd72f97d7fbd835d17ab40ce117863,OK,200,ThingId_ICCID_8999931200310004872_1770217943320_0.32462171322901634,ThingId_ICCID_8999931200310004872_1770217943320_0.32462171322901634,
2026-02-04,867162029775020,,"AT+GTDAT=gv300w,1,,CMD2112,0,,,,FFFF$",8089c0104e47333a9c35905de8a1a5be6186794c2be41d8320f219a45e448379,NOT_FOUND,404,ICCID no encontrado,,
2026-02-04,869671070592181,8.999931200310007e+18,"AT+GTDAT=gv300w,1,,CMD2112,0,,,,FFFF$",fae925a3b42f66dd234b895698084d41924aacc0a5ec57f1816a16fee7067c9c,OK,200,ThingId_ICCID_8999931200310007242_1770217951409_0.21387794863204745,ThingId_ICCID_8999931200310007242_1770217951409_0.21387794863204745,
2026-02-04,868589060188268,8.999931200310007e+18,"AT+GTDAT=gv300w,1,,CMD2112,0,,,,FFFF$",cb9251deb12d0c83c6987b8c69be840193ee3740a96cfaad445ee5a44ab5ecd3,OK,200,ThingId_ICCID_8999931200310005968_1770217958646_0.650155662357299,ThingId_ICCID_8999931200310005968_1770217958646_0.650155662357299,
2026-02-04,869671070587579,8.99993120031001e+18,"AT+GTDAT=gv300w,1,,CMD2112,0,,,,FFFF$",4da8e21715f95b2e078f2421f29d8939e58dac014a65b271fbe1f3e82c3c16e0,OK,200,ThingId_ICCID_8999931200310008954_1770217965882_0.43769682908211904,ThingId_ICCID_8999931200310008954_1770217965882_0.43769682908211904,
2026-02-04,869671070588197,8.999931200310007e+18,"AT+GTDAT=gv300w,1,,CMD2112,0,,,,FFFF$",8d5bf642242177b33b8b97c09997377f75665acb66eb930c5b26c85487e4ac49,OK,200,ThingId_ICCID_8999931200310007747_1770217972687_0.8403776688859759,ThingId_ICCID_8999931200310007747_1770217972687_0.8403776688859759,
2026-02-04,868589060363051,8.999931200310004e+18,"AT+GTDAT=gv300w,1,,CMD2112,0,,,,FFFF$",ebfd915b756500f8692b26e4a153f8495a13beb5d521e6500665b583034cb709,OK,200,ThingId_ICCID_8999931200310004433_1770217979478_0.317685054778432,ThingId_ICCID_8999931200310004433_1770217979478_0.317685054778432,
2026-02-04,869671070584360,8.999931200310008e+18,"AT+GTDAT=gv300w,1,,CMD2112,0,,,,FFFF$",bedbc55bb34d7d88c7569a6d85d94ba927cb9c86722eed9007832a9b3faa0419,OK,200,ThingId_ICCID_8999931200310008448_1770217986306_0.2412114154144076,ThingId_ICCID_8999931200310008448_1770217986306_0.2412114154144076,
2026-02-04,863457051754875,8.999920200310594e+18,"AT+GTDAT=gv300w,1,,CMD2112,0,,,,FFFF$",89c6b4eb0026289b0adf704709ef5c13a866e5d0caf94cb5546b441474d267be,OK,200,ThingId_ICCID_8999920200310594611_1770217993174_0.9395812688520437,ThingId_ICCID_8999920200310594611_1770217993174_0.9395812688520437,
2026-02-04,867162027624204,,"AT+GTDAT=gv300w,1,,CMD2112,0,,,,FFFF$",cda382a9b022f129fa1091c9758dd54259b7da7d90bf579d7a581e871f31d287,NOT_FOUND,404,ICCID no encontrado,,
2026-02-04,869671070585276,8.999931200310008e+18,"AT+GTDAT=gv300w,1,,CMD2112,0,,,,FFFF$",bc01575ba0fd24b11dcbbab138640899381c04f9b6c7bef0baa9512f1cf8f737,OK,200,ThingId_ICCID_8999931200310008555_1770218001773_0.3495753150985217,ThingId_ICCID_8999931200310008555_1770218001773_0.3495753150985217,
2026-02-04,867162027174226,,"AT+GTDAT=gv300w,1,,CMD2112,0,,,,FFFF$",5e629326bd9dde67003eb2008dbe8adf8381a2a336b408bd6e3dd52299e89c1e,NOT_FOUND,404,ICCID no encontrado,,
2026-02-04,869671070576556,8.999931200310008e+18,"AT+GTDAT=gv300w,1,,CMD2112,0,,,,FFFF$",206850ee9966410cbc3da0b3fa5ead34b185ade1ee0977ee5308a9648e642601,OK,200,ThingId_ICCID_8999931200310008658_1770218010303_0.23507904202648588,ThingId_ICCID_8999931200310008658_1770218010303_0.23507904202648588,
2026-02-04,867162027879089,,"AT+GTDAT=gv300w,1,,CMD2112,0,,,,FFFF$",6571eeb124752f89f93794933e0e6d5c3886f6179e69a13e01f85f9850e97a01,NOT_FOUND,404,ICCID no encontrado,,
2026-02-04,867162027256080,8.999911240071443e+18,"AT+GTDAT=gv300w,1,,CMD2112,0,,,,FFFF$",7a6d34abbbfc6b62772d00f2d145ca31adfc747307b108fe8b2685ca7d5028ca,OK,200,ThingId_ICCID_8999911240071441924_1770218017475_0.4848584440357435,ThingId_ICCID_8999911240071441924_1770218017475_0.4848584440357435,
2026-02-04,869671070594997,8.999931200310008e+18,"AT+GTDAT=gv300w,1,,CMD2112,0,,,,FFFF$",ff7664e9aea5742e71181aa5688d281132ee12084a4ded57f8353250c7246bc5,OK,200,ThingId_ICCID_8999931200310008090_1770218024282_0.8634608887205255,ThingId_ICCID_8999931200310008090_1770218024282_0.8634608887205255,
2026-02-04,867162027940030,,"AT+GTDAT=gv300w,1,,CMD2112,0,,,,FFFF$",10fae5e1cd3da71d87375a64a7cedd4c1ee80c04d77de78afd6addac80263398,NOT_FOUND,404,ICCID no encontrado,,
2026-02-04,863457050644580,,"AT+GTDAT=gv300w,1,,CMD2112,0,,,,FFFF$",813f6f2d823f7b8c3a162f89c7407b98a6335e959af5d76cabc7932296aafd2f,NOT_FOUND,404,ICCID no encontrado,,
2026-02-04,869671070590953,8.999931200310004e+18,"AT+GTDAT=gv300w,1,,CMD2112,0,,,,FFFF$",97bc2ce12ac0376f17b4f054b1d98c7ee0a0ddab2ba3f9e12359f70c2f3b17d1,OK,200,ThingId_ICCID_8999931200310004829_1770218033654_0.5249001296756768,ThingId_ICCID_8999931200310004829_1770218033654_0.5249001296756768,
2026-02-04,863457050614542,,"AT+GTDAT=gv300w,1,,CMD2112,0,,,,FFFF$",86e91018893fb3af10c12a15e94cdc31b02b55f0d1cdf087ac0dcfe620e21852,NOT_FOUND,404,ICCID no encontrado,,
2026-02-04,868589060311373,8.999931200310005e+18,"AT+GTDAT=gv300w,1,,CMD2112,0,,,,FFFF$",58bd4d8e0604748d0068de7aae63d2fa58cb33e11b4f3798581e92f2695ba066,OK,200,ThingId_ICCID_8999931200310005069_1770218041378_0.6995649341810659,ThingId_ICCID_8999931200310005069_1770218041378_0.6995649341810659,
2026-02-04,863238070319894,8.999931200310008e+18,"AT+GTDAT=gv300w,1,,CMD2112,0,,,,FFFF$",80d15fa5b246252fb4c09ab532abda51803e6fa120ce9020d4a6468132b2dff0,OK,200,ThingId_ICCID_8999931200310008335_1770218048197_0.6936494185970259,ThingId_ICCID_8999931200310008335_1770218048197_0.6936494185970259,
2026-02-04,869671070595481,8.999931200310007e+18,"AT+GTDAT=gv300w,1,,CMD2112,0,,,,FFFF$",36c24efcc7c75cb6f4362545b2408ce47f744d6fa939007aefb764a8d231411c,OK,200,ThingId_ICCID_8999931200310007019_1770218059651_0.4261357496580238,ThingId_ICCID_8999931200310007019_1770218059651_0.4261357496580238,
2026-02-04,869671070580962,8.999931200310007e+18,"AT+GTDAT=gv300w,1,,CMD2112,0,,,,FFFF$",916377229a1108b064376a87edcaab105a260dd88abb99c1f0d3776c1bc2b5ba,OK,200,ThingId_ICCID_8999931200310006807_1770218066465_0.538715840103301,ThingId_ICCID_8999931200310006807_1770218066465_0.538715840103301,
2026-02-04,867162027607860,,"AT+GTDAT=gv300w,1,,CMD2112,0,,,,FFFF$",7673f05624140c316948d9ed5f33350781f505b78f77f7f5441c8eb8f20afdea,NOT_FOUND,404,ICCID no encontrado,,
2026-02-04,867162029763927,,"AT+GTDAT=gv300w,1,,CMD2112,0,,,,FFFF$",942131941ac1077571b91195f9b01b5970cb4e4f8649ff163dbf8e0c086c7371,NOT_FOUND,404,ICCID no encontrado,,
2026-02-04,863457052203724,8.999920200311017e+18,"AT+GTDAT=gv300w,1,,CMD2112,0,,,,FFFF$",8de3dbe3bd9a7cc75d7a5ad2bcc3438d1f8de4ff3b52e747827afe4a8de12a03,OK,200,ThingId_ICCID_8999920200311018468_1770218075342_0.9113483078498914,ThingId_ICCID_8999920200311018468_1770218075342_0.9113483078498914,
2026-02-04,869671070574874,8.999931200310004e+18,"AT+GTDAT=gv300w,1,,CMD2112,0,,,,FFFF$",aff0cc886eb2414a795802e186a076dc5cfb73f2b408d7a152c993de40713a51,OK,200,ThingId_ICCID_8999931200310004894_1770218082167_0.11727282274482254,ThingId_ICCID_8999931200310004894_1770218082167_0.11727282274482254,
2026-02-04,863457051069290,8.999911240071441e+18,"AT+GTDAT=gv300w,1,,CMD2112,0,,,,FFFF$",8f2ec5a7298ca0883be94c934de30e40c81329bfbcaad7b6aa90b15a2890dc77,OK,200,ThingId_ICCID_8999911240071441768_1770218088984_0.5450929651226128,ThingId_ICCID_8999911240071441768_1770218088984_0.5450929651226128,
2026-02-04,869671070588080,8.999931200310008e+18,"AT+GTDAT=gv300w,1,,CMD2112,0,,,,FFFF$",97377f58dcc25d319d1ff5e9404a5ce1af341c11a51976739fca674671773492,OK,200,ThingId_ICCID_8999931200310008592_1770218098162_0.6663350233166179,ThingId_ICCID_8999931200310008592_1770218098162_0.6663350233166179,
2026-02-04,867162027887207,,"AT+GTDAT=gv300w,1,,CMD2112,0,,,,FFFF$",4ac7cc7af6bf6e7f204fb6e86d1eb3d3fc5b39f81edebf49736e111c0c872698,NOT_FOUND,404,ICCID no encontrado,,
2026-02-04,863457051757100,8.999920200310594e+18,"AT+GTDAT=gv300w,1,,CMD2112,0,,,,FFFF$",2de068177a00f2fc4d410d7f967667daa5052eda17cf586e923df344f793e784,OK,200,ThingId_ICCID_8999920200310594435_1770218106258_0.586698316312686,ThingId_ICCID_8999920200310594435_1770218106258_0.586698316312686,
2026-02-04,869671070592702,8.999931200310007e+18,"AT+GTDAT=gv300w,1,,CMD2112,0,,,,FFFF$",2300c96cbe337026cb9bd1e82a17d434486d49402d8142449ce31bed1d89aab7,OK,200,ThingId_ICCID_8999931200310007767_1770218113102_0.7022508637101574,ThingId_ICCID_8999931200310007767_1770218113102_0.7022508637101574,
2026-02-04,863457051762019,8.999920200310594e+18,"AT+GTDAT=gv300w,1,,CMD2112,0,,,,FFFF$",325cbb626fe50014b90b8afe8cc4270e484585386369b4cd1ecd114822ad4746,OK,200,ThingId_ICCID_8999920200310594572_1770218120441_0.3641128638826663,ThingId_ICCID_8999920200310594572_1770218120441_0.3641128638826663,
2026-02-04,863457050600046,,"AT+GTDAT=gv300w,1,,CMD2112,0,,,,FFFF$",26b72021efdf423a9fea751994eb9b0bafa7e5508f45aa0e0eba9a4709f23b65,NOT_FOUND,404,ICCID no encontrado,,
2026-02-04,863457051724910,8.999920200310596e+18,"AT+GTDAT=gv300w,1,,CMD2112,0,,,,FFFF$",996d302cfee2a73f75b52e87ec67b6bc2b49194c58f8fc5f1e1f57f3c130bf0d,OK,200,ThingId_ICCID_8999920200310594989_1770218128934_0.37312104275302316,ThingId_ICCID_8999920200310594989_1770218128934_0.37312104275302316,
2026-02-04,863457051737946,8.999920200310994e+18,"AT+GTDAT=gv300w,1,,CMD2112,0,,,,FFFF$",47807f635a9c48aef8775201691342d200d8968c9dccf162adc969f6cd34320e,OK,200,ThingId_ICCID_8999920200310993440_1770218135743_0.5021538719566225,ThingId_ICCID_8999920200310993440_1770218135743_0.5021538719566225,
2026-02-04,868589060182618,8.999931200310005e+18,"AT+GTDAT=gv300w,1,,CMD2112,0,,,,FFFF$",6879201f088f643cef30cfbe5cda7044ba8b3f357cf40abb1a89153ef4b44381,OK,200,ThingId_ICCID_8999931200310005557_1770218143098_0.842187479961602,ThingId_ICCID_8999931200310005557_1770218143098_0.842187479961602,
2026-02-04,868589060682435,8.99993120031001e+18,"AT+GTDAT=gv300w,1,,CMD2112,0,,,,FFFF$",67be10b9d9c568d4496aec18d9b5d9cad07f62bca98b1d45ef7d1ff5fa439a93,OK,200,ThingId_ICCID_8999931200310009874_1770218149911_0.4224177519278389,ThingId_ICCID_8999931200310009874_1770218149911_0.4224177519278389,
2026-02-04,863457052211982,8.999920200310994e+18,"AT+GTDAT=gv300w,1,,CMD2112,0,,,,FFFF$",186b8d05a62cb96ea8b3db948e240e8808c13034f39d9db626f9b54b72efc1eb,OK,200,ThingId_ICCID_8999920200310993722_1770218156712_0.6433399458734319,ThingId_ICCID_8999920200310993722_1770218156712_0.6433399458734319,
2026-02-04,869671070593171,8.999931200310007e+18,"AT+GTDAT=gv300w,1,,CMD2112,0,,,,FFFF$",9b695081fb691b8a3b23a46e8c5a5e488b43e34b31c0a72c61e7b1fc985216f3,OK,200,ThingId_ICCID_8999931200310007325_1770218164937_0.2876646967443195,ThingId_ICCID_8999931200310007325_1770218164937_0.2876646967443195,
2026-02-04,863457051709390,8.999920200310596e+18,"AT+GTDAT=gv300w,1,,CMD2112,0,,,,FFFF$",e79d58556049d9250b855682b3e3078552794b23bef9d8084a06d468010eeaca,OK,200,ThingId_ICCID_8999920200310594994_1770218171763_0.08301897776896583,ThingId_ICCID_8999920200310594994_1770218171763_0.08301897776896583,
2026-02-04,869671070587157,8.999931200310007e+18,"AT+GTDAT=gv300w,1,,CMD2112,0,,,,FFFF$",d5adf930788b4d1e8371abcf309ebb2754ba834bffacc2c9e466db195d56a3f6,OK,200,ThingId_ICCID_8999931200310007447_1770218181556_0.5963076785164101,ThingId_ICCID_8999931200310007447_1770218181556_0.5963076785164101,
2026-02-04,869671070587686,8.999931200310007e+18,"AT+GTDAT=gv300w,1,,CMD2112,0,,,,FFFF$",2464c074e218c64ea74a560c25368879335a266a250fa0c68e07ef1d4af79d49,OK,200,ThingId_ICCID_8999931200310007754_1770218192645_0.18471570421450756,ThingId_ICCID_8999931200310007754_1770218192645_0.18471570421450756,
2026-02-04,863457051070280,8.999920200310596e+18,"AT+GTDAT=gv300w,1,,CMD2112,0,,,,FFFF$",f18f6894d5904d2d71735b180bf404a3c03db4a3a10da69d5ad9717dd3517c04,OK,200,ThingId_ICCID_8999920200310594832_1770218201691_0.7752305097461254,ThingId_ICCID_8999920200310594832_1770218201691_0.7752305097461254,
2026-02-04,869671070593403,8.999931200310008e+18,"AT+GTDAT=gv300w,1,,CMD2112,0,,,,FFFF$",6b87a69d6467469050368a101ba7e00e82e859867db621b9850343bcfcbe28ac,OK,200,ThingId_ICCID_8999931200310008107_1770218209357_0.11617042562534108,ThingId_ICCID_8999931200310008107_1770218209357_0.11617042562534108,
2026-02-04,863238070325297,8.99993120031001e+18,"AT+GTDAT=gv300w,1,,CMD2112,0,,,,FFFF$",95a2a34a3b6265806ff0b2d9b602ed1eb7d27d7f8119fb24570ce8222a5ea034,OK,200,ThingId_ICCID_8999931200310009893_1770218216301_0.06543295325471199,ThingId_ICCID_8999931200310009893_1770218216301_0.06543295325471199,
2026-02-04,867162025928250,,"AT+GTDAT=gv300w,1,,CMD2112,0,,,,FFFF$",4aaaa5c4b094fa3b4d4a562547822d32a1beb2cd8ff9b9d8ccd85b80fad768e0,NOT_FOUND,404,ICCID no encontrado,,
2026-02-04,867698041077028,,"AT+GTDAT=gv300w,1,,CMD2112,0,,,,FFFF$",ae9f20bdd38a87f9910923d8b726d96d9e05ac7ff9e43d1280cd70c1a93a5677,NOT_FOUND,404,ICCID no encontrado,,
2026-02-04,867162029138906,8.999920200310994e+18,"AT+GTDAT=gv300w,1,,CMD2112,0,,,,FFFF$",323c89252cde53277dac97cff8d154b0bab6a0abb677c5e780a32b76f9ccffb3,OK,200,ThingId_ICCID_8999920200310993757_1770218224959_0.7495301867031008,ThingId_ICCID_8999920200310993757_1770218224959_0.7495301867031008,
2026-02-04,869671070583883,8.999931200310004e+18,"AT+GTDAT=gv300w,1,,CMD2112,0,,,,FFFF$",8ed41ea3899d9b3b5a92efd32202e9ddb469fedb2eee7a3b9121c77912e87666,OK,200,ThingId_ICCID_8999931200310003055_1770218231766_0.07698417633642185,ThingId_ICCID_8999931200310003055_1770218231766_0.07698417633642185,
2026-02-04,869671072165515,8.99993120031001e+18,"AT+GTDAT=gv300w,1,,CMD2112,0,,,,FFFF$",15cb8dfef214007237e1eb3a53170acfe1bec5fa9dd3e51aea107019ac566a0d,OK,200,ThingId_ICCID_8999931200310009442_1770218239540_0.04971802037266193,ThingId_ICCID_8999931200310009442_1770218239540_0.04971802037266193,
2026-02-04,869671072167867,8.99993120031001e+18,"AT+GTDAT=gv300w,1,,CMD2112,0,,,,FFFF$",77efdfe77993c2e8e5c1c551a87d33793e4ad95419674d2837919f5429871933,OK,200,ThingId_ICCID_8999931200310009322_1770218246796_0.5292536575082447,ThingId_ICCID_8999931200310009322_1770218246796_0.5292536575082447,
2026-02-04,865413056956492,8.999931200310008e+18,"AT+GTDAT=gv300w,1,,CMD2112,0,,,,FFFF$",46b3f0c024df080af56933858e69efd5933b4903854d0c25e48afda3ee6982a0,OK,200,ThingId_ICCID_8999931200310007979_1770218253594_0.18244975337495295,ThingId_ICCID_8999931200310007979_1770218253594_0.18244975337495295,
2026-02-04,869671070596661,8.99993120031001e+18,"AT+GTDAT=gv300w,1,,CMD2112,0,,,,FFFF$",cafd8a4787f14019277352e80f314798ad80b0de1127c5f59fb520cc8212f594,OK,200,ThingId_ICCID_8999931200310008895_1770218260387_0.727515225834386,ThingId_ICCID_8999931200310008895_1770218260387_0.727515225834386,
2026-02-04,869671070577372,8.999931200310004e+18,"AT+GTDAT=gv300w,1,,CMD2112,0,,,,FFFF$",51ed2f34e1d32c821bafdccbfb7fb60fdf0a6a52320455c8ec5c3549de2dd75a,OK,200,ThingId_ICCID_8999931200310004861_1770218267212_0.49644187023324093,ThingId_ICCID_8999931200310004861_1770218267212_0.49644187023324093,
2026-02-04,867162027192988,8.999931200310007e+18,"AT+GTDAT=gv300w,1,,CMD2112,0,,,,FFFF$",e6c6e0288c3671f8715f150f88610a88e5814c41ec40fa4fb9d376f08922f190,OK,200,ThingId_ICCID_8999931200310006344_1770218274768_0.755791557961569,ThingId_ICCID_8999931200310006344_1770218274768_0.755791557961569,
2026-02-04,869671070574718,8.999931200310004e+18,"AT+GTDAT=gv300w,1,,CMD2112,0,,,,FFFF$",f3671b292dce42daebd0252b1afd0985e50eada7fd737008417242539f4ecdad,OK,200,ThingId_ICCID_8999931200310004670_1770218281631_0.5288310710365516,ThingId_ICCID_8999931200310004670_1770218281631_0.5288310710365516,
2026-02-04,868589060264531,8.999931200310004e+18,"AT+GTDAT=gv300w,1,,CMD2112,0,,,,FFFF$",5324ef74fb4bcf660d8a38de914a70ab0993e03744ca7d491188050fcc087e95,OK,200,ThingId_ICCID_8999931200310004370_1770218288475_0.65754098679102,ThingId_ICCID_8999931200310004370_1770218288475_0.65754098679102,
2026-02-04,863457050627676,8.999931200310004e+18,"AT+GTDAT=gv300w,1,,CMD2112,0,,,,FFFF$",40bb9f40e0b8bac18e8255f02bb7e4f6087fefb2835f0162a53afdc98668bdcf,OK,200,ThingId_ICCID_8999931200310004081_1770218295392_0.4262783512449251,ThingId_ICCID_8999931200310004081_1770218295392_0.4262783512449251,
2026-02-04,869671072167578,8.99993120031001e+18,"AT+GTDAT=gv300w,1,,CMD2112,0,,,,FFFF$",3e47c97c21106b1cb4ad00efcc57641d216cb0d73478207efe04473d09930998,OK,200,ThingId_ICCID_8999931200310009533_1770218302273_0.694589196645558,ThingId_ICCID_8999931200310009533_1770218302273_0.694589196645558,
2026-02-04,869671070588817,8.999931200310007e+18,"AT+GTDAT=gv300w,1,,CMD2112,0,,,,FFFF$",1977aa23f43406521c8f2cb9de112924013e402e9abca3286faac3f06dcfc470,OK,200,ThingId_ICCID_8999931200310007389_1770218309091_0.006834758095393356,ThingId_ICCID_8999931200310007389_1770218309091_0.006834758095393356,
2026-02-04,867162026944041,,"AT+GTDAT=gv300w,1,,CMD2112,0,,,,FFFF$",84b26e3f50e03c2e572a2402e2bff793d8800573516b8387112dd69f34fb8a87,NOT_FOUND,404,ICCID no encontrado,,
2026-02-04,869671070594922,8.999931200310008e+18,"AT+GTDAT=gv300w,1,,CMD2112,0,,,,FFFF$",8f8d04893add6679f0e63dfe796e3ec249bd2d1a4486a1c351c015918ec38f9b,OK,200,ThingId_ICCID_8999931200310008149_1770218317297_0.5611837789165177,ThingId_ICCID_8999931200310008149_1770218317297_0.5611837789165177,
2026-02-04,863457050644754,,"AT+GTDAT=gv300w,1,,CMD2112,0,,,,FFFF$",b95f53e5bc40842fb0a16212d3785aa70c5aaca0f337e22c7d23a7a495a1e078,NOT_FOUND,404,ICCID no encontrado,,
2026-02-04,863457050615895,,"AT+GTDAT=gv300w,1,,CMD2112,0,,,,FFFF$",0df042d517ec67ca7e339022ca30045de500fc46c58af510f5905196029ba7ae,NOT_FOUND,404,ICCID no encontrado,,
2026-02-04,869671070576663,8.999931200310008e+18,"AT+GTDAT=gv300w,1,,CMD2112,0,,,,FFFF$",6e188f7414d5a07a80d018448447809a8766a498133dd107d82a3d155b59ad98,OK,200,ThingId_ICCID_8999931200310008635_1770218325900_0.3092065301443341,ThingId_ICCID_8999931200310008635_1770218325900_0.3092065301443341,
2026-02-04,863457051197919,,"AT+GTDAT=gv300w,1,,CMD2112,0,,,,FFFF$",f6aa368bf31acf3ec9ff6127beac1c0fa28dd840a8942a4927622f19e9e14ccf,NOT_FOUND,404,ICCID no encontrado,,
2026-02-04,869671070591910,8.999931200310007e+18,"AT+GTDAT=gv300w,1,,CMD2112,0,,,,FFFF$",5455ed830d0b9bba9bf8992872a32899efbc9cd51ff5b5b4139c7764b5c71174,OK,200,ThingId_ICCID_8999931200310007211_1770218334205_0.06595850172198903,ThingId_ICCID_8999931200310007211_1770218334205_0.06595850172198903,
2026-02-04,863457051200713,,"AT+GTDAT=gv300w,1,,CMD2112,0,,,,FFFF$",b5a600aa5c54da4d63a53e308dd0db1bb5be72f03e30fbaab729fda9dc5a3dfd,NOT_FOUND,404,ICCID no encontrado,,
2026-02-04,863457051082970,8.999920200310588e+18,"AT+GTDAT=gv300w,1,,CMD2112,0,,,,FFFF$",ea8f7298c6c3c7b200cbe621a1ff35c482c2866df03ca1abb8dd0199f4b942d7,OK,200,ThingId_ICCID_8999920200310588507_1770218342357_0.6909678909817754,ThingId_ICCID_8999920200310588507_1770218342357_0.6909678909817754,
2026-02-04,868589060172312,8.999931200310004e+18,"AT+GTDAT=gv300w,1,,CMD2112,0,,,,FFFF$",bfe65f020b2d7be9f19b8b32cfac60e56408cb6b879f98f154932b8516b12877,OK,200,ThingId_ICCID_8999931200310004357_1770220532068_0.9607513069707565,ThingId_ICCID_8999931200310004357_1770220532068_0.9607513069707565,
2026-02-04,863457051704128,8.999920200310994e+18,"AT+GTDAT=gv300w,1,,CMD2112,0,,,,FFFF$",e363bddbe8310224ecb52adf441129e9c8deb7baeeabe3db43e95f9fa6997f25,OK,200,ThingId_ICCID_8999920200310993275_1770220535466_0.388444045417645,ThingId_ICCID_8999920200310993275_1770220535466_0.388444045417645,
2026-02-04,863457052210141,8.999920200311017e+18,"AT+GTDAT=gv300w,1,,CMD2112,0,,,,FFFF$",08e195d48b3eaadb30bc899b05108e05d018b9b299e40c6bb8b09b018776636b,OK,200,ThingId_ICCID_8999920200311018431_1770220537311_0.6039678348980333,ThingId_ICCID_8999920200311018431_1770220537311_0.6039678348980333,
2026-02-04,863457051688909,8.999920200310596e+18,"AT+GTDAT=gv300w,1,,CMD2112,0,,,,FFFF$",7da6a29303ebf7c9e4e5cf9be5ef9095e47cde7a975aaaeda57557334627f4d8,OK,200,ThingId_ICCID_8999920200310594909_1770220538680_0.5717612825484135,ThingId_ICCID_8999920200310594909_1770220538680_0.5717612825484135,
2026-02-04,869671070589005,8.999931200310007e+18,"AT+GTDAT=gv300w,1,,CMD2112,0,,,,FFFF$",ef81f14fd06c8e491d0fb277bebc540972d74ea7f4b9d2a6c56ab3f56dd42dbb,OK,200,ThingId_ICCID_8999931200310007475_1770220540540_0.09823722486213171,ThingId_ICCID_8999931200310007475_1770220540540_0.09823722486213171,
2026-02-04,869671070585185,8.999931200310008e+18,"AT+GTDAT=gv300w,1,,CMD2112,0,,,,FFFF$",a285d0cc646fe9568d84287736569b6f0de0b356c9fdc089a4e8f32d581c4c1e,OK,200,ThingId_ICCID_8999931200310008572_1770220541442_0.36975243044132156,ThingId_ICCID_8999931200310008572_1770220541442_0.36975243044132156,
2026-02-04,869671070586431,8.999931200310007e+18,"AT+GTDAT=gv300w,1,,CMD2112,0,,,,FFFF$",a41f3ae60366ed185449e6b753025895f3defea56b642e4e02c6a70dfcc6f7b6,OK,200,ThingId_ICCID_8999931200310007532_1770220542346_0.11749407009946533,ThingId_ICCID_8999931200310007532_1770220542346_0.11749407009946533,
2026-02-04,868589060174326,8.999931200310004e+18,"AT+GTDAT=gv300w,1,,CMD2112,0,,,,FFFF$",e659eeda43cbb12fdefe433a06fe87b709f7a077ab43b5652a91625bb159c60c,OK,200,ThingId_ICCID_8999931200310004386_1770220544377_0.8522169325087126,ThingId_ICCID_8999931200310004386_1770220544377_0.8522169325087126,
2026-02-04,863457051740288,8.999920200310594e+18,"AT+GTDAT=gv300w,1,,CMD2112,0,,,,FFFF$",b08c74dacd8323f045bc77ac582b7818b81898c545555087fa03de677bda8472,OK,200,ThingId_ICCID_8999920200310594564_1770220546622_0.529676252671716,ThingId_ICCID_8999920200310594564_1770220546622_0.529676252671716,
2026-02-04,869671070580475,8.99993120031001e+18,"AT+GTDAT=gv300w,1,,CMD2112,0,,,,FFFF$",ab17d1361ebf90b3e5922980fc67f413c1f2cda46283276c38be854d982fb12d,OK,200,ThingId_ICCID_8999931200310009801_1770220549514_0.5190029374637859,ThingId_ICCID_8999931200310009801_1770220549514_0.5190029374637859,
2026-02-04,863457052212683,8.999920200311017e+18,"AT+GTDAT=gv300w,1,,CMD2112,0,,,,FFFF$",a075e30db38f05de2e0880fccd70933626824c6e5149f374088a8fe9075d68ea,OK,200,ThingId_ICCID_8999920200311018166_1770220550913_0.9754625194092177,ThingId_ICCID_8999920200311018166_1770220550913_0.9754625194092177,
2026-02-04,868589060250761,8.999931200310005e+18,"AT+GTDAT=gv300w,1,,CMD2112,0,,,,FFFF$",f6f8ba5b59b4aea54330b8b97bd20c50ebf2bfc5c9734d26ba30f90f7822ab2b,OK,200,ThingId_ICCID_8999931200310005215_1770220552773_0.0227393251363599,ThingId_ICCID_8999931200310005215_1770220552773_0.0227393251363599,
2026-02-04,869671070589252,8.999931200310007e+18,"AT+GTDAT=gv300w,1,,CMD2112,0,,,,FFFF$",42abe9fbef94ad4bee88c0ad3a501da7ee38fa08150876c48b59d2126633981a,OK,200,ThingId_ICCID_8999931200310007027_1770220554249_0.45089488498773145,ThingId_ICCID_8999931200310007027_1770220554249_0.45089488498773145,
2026-02-04,863457051064366,8.999911240071441e+18,"AT+GTDAT=gv300w,1,,CMD2112,0,,,,FFFF$",8e0f9f6455db189ada6e945ed82840a137166dfb1f41e434b4fdfa3cba1aef46,OK,200,ThingId_ICCID_8999911240071441217_1770220555164_0.05738565437543475,ThingId_ICCID_8999911240071441217_1770220555164_0.05738565437543475,
2026-02-04,863457052205463,8.999920200311017e+18,"AT+GTDAT=gv300w,1,,CMD2112,0,,,,FFFF$",ef138c8687b2fa9c11019bad02b3804235d8ab78e1dadcec19eb3b1e43c0a6e5,OK,200,ThingId_ICCID_8999920200311018535_1770220556501_0.061267757899829745,ThingId_ICCID_8999920200311018535_1770220556501_0.061267757899829745,
2026-02-04,863457051713236,8.999920200310994e+18,"AT+GTDAT=gv300w,1,,CMD2112,0,,,,FFFF$",a49a1e3d9eddcde2714e0ace7dff7694c169c048c27e940b4c96fbf1103f32e2,OK,200,ThingId_ICCID_8999920200310993510_1770220557864_0.9962459615931267,ThingId_ICCID_8999920200310993510_1770220557864_0.9962459615931267,
2026-02-04,869671072165309,8.99993120031001e+18,"AT+GTDAT=gv300w,1,,CMD2112,0,,,,FFFF$",5db48f77166f1477cf4ce7cf8f107c59738cb75383d169084962ecc913480e4a,OK,200,ThingId_ICCID_8999931200310009449_1770220559717_0.12086238176890673,ThingId_ICCID_8999931200310009449_1770220559717_0.12086238176890673,
2026-02-04,863457051076956,8.999920200310594e+18,"AT+GTDAT=gv300w,1,,CMD2112,0,,,,FFFF$",89d7040649dcfb1253a2cf5c1778edd65655c57c9bfd82af6aa95323de9a2c09,OK,200,ThingId_ICCID_8999920200310594601_1770220561556_0.43850128677310196,ThingId_ICCID_8999920200310594601_1770220561556_0.43850128677310196,
2026-02-04,868589060172445,8.999931200310005e+18,"AT+GTDAT=gv300w,1,,CMD2112,0,,,,FFFF$",ee61f42dfbcb93fb01ccfcd1ccb202576de0ca48145983cfbf50d2bff874dd64,OK,200,ThingId_ICCID_8999931200310005283_1770220563394_0.13229144602082532,ThingId_ICCID_8999931200310005283_1770220563394_0.13229144602082532,
2026-02-04,863457051083887,8.999911240071441e+18,"AT+GTDAT=gv300w,1,,CMD2112,0,,,,FFFF$",e622551cd12e55ba216ee4bab2f85f91345de0e9d9e4bfe1ae4fe472844314fa,OK,200,ThingId_ICCID_8999911240071441233_1770220566352_0.6332316622280212,ThingId_ICCID_8999911240071441233_1770220566352_0.6332316622280212,
2026-02-04,869671072166539,8.99993120031001e+18,"AT+GTDAT=gv300w,1,,CMD2112,0,,,,FFFF$",2f957829ccf164457368624535302ca8bf2b8ed96982e8bf612605220b6cce07,OK,200,ThingId_ICCID_8999931200310009444_1770220568155_0.48779144123380447,ThingId_ICCID_8999931200310009444_1770220568155_0.48779144123380447,
2026-02-04,869671072172107,8.999931200310002e+18,"AT+GTDAT=gv300w,1,,CMD2112,0,,,,FFFF$",87eadc08fc023c3fe186b64a6a5da52b538b8f4a8ded9c327d85c1128a5f8b49,OK,200,ThingId_ICCID_8999931200310001236_1770220569080_0.5945308101108122,ThingId_ICCID_8999931200310001236_1770220569080_0.5945308101108122,
2026-02-04,869671070587082,8.999931200310007e+18,"AT+GTDAT=gv300w,1,,CMD2112,0,,,,FFFF$",3d77946f276b5e87417922279007da5258d39bc05168cd40bc99ab613a985dad,OK,200,ThingId_ICCID_8999931200310007461_1770220570427_0.4154652685068254,ThingId_ICCID_8999931200310007461_1770220570427_0.4154652685068254,
2026-02-04,863457051061610,8.999920200310588e+18,"AT+GTDAT=gv300w,1,,CMD2112,0,,,,FFFF$",0aae5b3797d12a38afccaf86b7a82096f7911134d5d9e8111273fa79fb13b21a,OK,200,ThingId_ICCID_8999920200310588268_1770220571838_0.8581999422811413,ThingId_ICCID_8999920200310588268_1770220571838_0.8581999422811413,
2026-02-04,868589060187237,8.999931200310007e+18,"AT+GTDAT=gv300w,1,,CMD2112,0,,,,FFFF$",0b2aa86cc67cf3b3b1aed2f8226f2d261c10cb52274738013445434875b08753,OK,200,ThingId_ICCID_8999931200310005974_1770220574763_0.6765664647367478,ThingId_ICCID_8999931200310005974_1770220574763_0.6765664647367478,
2026-02-04,868589060186031,8.999931200310005e+18,"AT+GTDAT=gv300w,1,,CMD2112,0,,,,FFFF$",8a1ba0c8d469ea5ff85c50f19a43226ed40924cce4800b741cb3f8acdde335aa,OK,200,ThingId_ICCID_8999931200310005429_1770220577752_0.651838023190533,ThingId_ICCID_8999931200310005429_1770220577752_0.651838023190533,
2026-02-04,869671070584261,8.999931200310007e+18,"AT+GTDAT=gv300w,1,,CMD2112,0,,,,FFFF$",005e83699159d9ad42c2ed175ab4b7283eaa52596ac9f9f46dbf7a88e1bc02d1,OK,200,ThingId_ICCID_8999931200310007463_1770220579094_0.4577078857301984,ThingId_ICCID_8999931200310007463_1770220579094_0.4577078857301984,
2026-02-04,863457051066163,8.999920200310998e+18,"AT+GTDAT=gv300w,1,,CMD2112,0,,,,FFFF$",ccf7f4e1e0214f1b63c78b9672222b0ed098332b58c60431eef27674f32be954,OK,200,ThingId_ICCID_8999920200310998269_1770220580024_0.8883029756852938,ThingId_ICCID_8999920200310998269_1770220580024_0.8883029756852938,
2026-02-04,865413056249864,8.999931200310008e+18,"AT+GTDAT=gv300w,1,,CMD2112,0,,,,FFFF$",ad40b904713aadef5d83751979427005c867278e726fbe1933b97929ec0b730d,OK,200,ThingId_ICCID_8999931200310007945_1770220580927_0.7123593448692658,ThingId_ICCID_8999931200310007945_1770220580927_0.7123593448692658,
2026-02-04,869671072171315,8.999931200310008e+18,"AT+GTDAT=gv300w,1,,CMD2112,0,,,,FFFF$",40750356ae8a5c5e486603f05241bd2ed49e53e46b912c5faca06422f293dd84,OK,200,ThingId_ICCID_8999931200310008276_1770220582247_0.9004405966963516,ThingId_ICCID_8999931200310008276_1770220582247_0.9004405966963516,
2026-02-04,863457051677613,8.999920200310596e+18,"AT+GTDAT=gv300w,1,,CMD2112,0,,,,FFFF$",bbc6a9cf2e3f906d4b16931e84182a639e0e6dbc17ad2889c378b407ffdb7b66,OK,200,ThingId_ICCID_8999920200310594991_1770220584506_0.9696691538920497,ThingId_ICCID_8999920200310594991_1770220584506_0.9696691538920497,
2026-02-04,863457051713244,8.999920200310594e+18,"AT+GTDAT=gv300w,1,,CMD2112,0,,,,FFFF$",4ac7b88a2f4916c1f2172efaf0dfd7defd9bc2c3e9e5a96eb359af065f4ab2b4,OK,200,ThingId_ICCID_8999920200310594063_1770220585852_0.8098921921614144,ThingId_ICCID_8999920200310594063_1770220585852_0.8098921921614144,
2026-02-04,869671070576127,8.999931200310007e+18,"AT+GTDAT=gv300w,1,,CMD2112,0,,,,FFFF$",dec03b8aadd8c5ee0218e0cc9fc04b981d5789a16c79300efca773a5bf0445c5,OK,200,ThingId_ICCID_8999931200310006628_1770220587246_0.5533788027310451,ThingId_ICCID_8999931200310006628_1770220587246_0.5533788027310451,
2026-02-04,868589060176917,8.999931200310007e+18,"AT+GTDAT=gv300w,1,,CMD2112,0,,,,FFFF$",2ed4dcf2ef1948aea5b0516552d74af696fbe5a11ffe2d436930183f921f9a37,OK,200,ThingId_ICCID_8999931200310005861_1770220591784_0.6681027382647418,ThingId_ICCID_8999931200310005861_1770220591784_0.6681027382647418,
2026-02-04,869671070575202,8.999931200310008e+18,"AT+GTDAT=gv300w,1,,CMD2112,0,,,,FFFF$",01b1c56c0138ddd5b5c7621063cd477816e3ba6f61be50b107c0d388f99ae0bd,OK,200,ThingId_ICCID_8999931200310008739_1770220593601_0.4787729759087651,ThingId_ICCID_8999931200310008739_1770220593601_0.4787729759087651,
2026-02-04,863238070319779,8.999931200310008e+18,"AT+GTDAT=gv300w,1,,CMD2112,0,,,,FFFF$",0a4db45de51ee90ddbbcb6a955dfd53e4e246b9aeba8af61577de6c876a674e9,OK,200,ThingId_ICCID_8999931200310008343_1770220594989_0.8179334596362082,ThingId_ICCID_8999931200310008343_1770220594989_0.8179334596362082,
2026-02-04,865413056248759,8.999931200310008e+18,"AT+GTDAT=gv300w,1,,CMD2112,0,,,,FFFF$",2d1caf1dbf88111fc93454a12447809d5614c75df10a829c58e62c6ac6de2a04,OK,200,ThingId_ICCID_8999931200310007971_1770220597413_0.5261216086097273,ThingId_ICCID_8999931200310007971_1770220597413_0.5261216086097273,
2026-02-04,863457050622388,8.999911240071436e+18,"AT+GTDAT=gv300w,1,,CMD2112,0,,,,FFFF$",f80eec711cef3a7a2f819054fb5e446bc9cb37241b4dea9a6dac8dd5d405413f,OK,200,ThingId_ICCID_8999911240071437574_1770220598775_0.6460600289025678,ThingId_ICCID_8999911240071437574_1770220598775_0.6460600289025678,
2026-02-04,869671070597610,8.99993120031001e+18,"AT+GTDAT=gv300w,1,,CMD2112,0,,,,FFFF$",750423a22dd2371ee46be8735cdb28c6595e0adc953be2980c45ca2cecaa87e7,OK,200,ThingId_ICCID_8999931200310008846_1770220600629_0.7878383316488151,ThingId_ICCID_8999931200310008846_1770220600629_0.7878383316488151,
2026-02-04,868589060354985,8.999931200310004e+18,"AT+GTDAT=gv300w,1,,CMD2112,0,,,,FFFF$",6aeb6052e4d4f9996d375b0eae1a5ac3ae796d654d8eb997acd50c6f7c587b29,OK,200,ThingId_ICCID_8999931200310004129_1770220602435_0.42077116371083556,ThingId_ICCID_8999931200310004129_1770220602435_0.42077116371083556,
2026-02-04,863238070322310,8.999931200310008e+18,"AT+GTDAT=gv300w,1,,CMD2112,0,,,,FFFF$",d3d689f28b1dc34701f9b0f3795222bb7b8f84621501c015b2057794e3732deb,OK,200,ThingId_ICCID_8999931200310008291_1770220606176_0.29387333539089044,ThingId_ICCID_8999931200310008291_1770220606176_0.29387333539089044,
2026-02-04,863457050635307,8.999931200310004e+18,"AT+GTDAT=gv300w,1,,CMD2112,0,,,,FFFF$",fbab47f84e5de73b9f9c2c0cae44095fa3e86a50b7219f7ee78804dc074812f1,OK,200,ThingId_ICCID_8999931200310004080_1770220608046_0.10716534086460539,ThingId_ICCID_8999931200310004080_1770220608046_0.10716534086460539,
2026-02-04,863238070319720,8.999931200310008e+18,"AT+GTDAT=gv300w,1,,CMD2112,0,,,,FFFF$",9bec5060159df33fe77621e85708a18b45b9094b9eef006a080cfb54ac81dc2e,OK,200,ThingId_ICCID_8999931200310008322_1770220610993_0.9296712923490744,ThingId_ICCID_8999931200310008322_1770220610993_0.9296712923490744,
2026-02-04,863457052209952,8.999920200310994e+18,"AT+GTDAT=gv300w,1,,CMD2112,0,,,,FFFF$",ce7f7f362caa3fe7f2572c84c05dcd128103f9e9851b5280ba71806abd2c26fe,OK,200,ThingId_ICCID_8999920200310993659_1770220612346_0.002690870824689995,ThingId_ICCID_8999920200310993659_1770220612346_0.002690870824689995,
2026-02-04,869671070588726,8.999931200310007e+18,"AT+GTDAT=gv300w,1,,CMD2112,0,,,,FFFF$",30b347b16da66d682df1e73e4ff5bafcdc2a1e83314d020370a22ed90d680d03,OK,200,ThingId_ICCID_8999931200310007237_1770220614183_0.7069936594586483,ThingId_ICCID_8999931200310007237_1770220614183_0.7069936594586483,
2026-02-04,869671070584022,8.99993120031001e+18,"AT+GTDAT=gv300w,1,,CMD2112,0,,,,FFFF$",86b46d5f8c8ec366f1155224f4d0e352ae491a3be016562c84f60c1062e8e0ee,OK,200,ThingId_ICCID_8999931200310009517_1770220616599_0.12365785727544609,ThingId_ICCID_8999931200310009517_1770220616599_0.12365785727544609,
2026-02-04,869671070576457,8.99993120031001e+18,"AT+GTDAT=gv300w,1,,CMD2112,0,,,,FFFF$",41185dd2bcbfbc9d04de1191d2501253d0e1291d9d9c5f9fff3232eac8c43bd5,OK,200,ThingId_ICCID_8999931200310008929_1770220617468_0.5514673436747837,ThingId_ICCID_8999931200310008929_1770220617468_0.5514673436747837,
2026-02-04,863457051069951,8.999911240071441e+18,"AT+GTDAT=gv300w,1,,CMD2112,0,,,,FFFF$",c4397b5ce6192cc7262317712d4cefb771b038ddbdd344a3dddfd8a43f4dd04e,OK,200,ThingId_ICCID_8999911240071441028_1770220618816_0.23212934864583668,ThingId_ICCID_8999911240071441028_1770220618816_0.23212934864583668,
2026-02-04,868589060683714,8.999925200420526e+18,"AT+GTDAT=gv300w,1,,CMD2112,0,,,,FFFF$",aa14ad51b173889974aac996959395f1568607553337ed0d43a05580e868bff6,OK,200,ThingId_ICCID_8999925200420526302_1770220620616_0.9774877440756695,ThingId_ICCID_8999925200420526302_1770220620616_0.9774877440756695,
2026-02-04,868589060356816,8.999931200310008e+18,"AT+GTDAT=gv300w,1,,CMD2112,0,,,,FFFF$",e06fd793523b4eb779112eccf2422cf12a3b2a978f69fd129e9f1655857fb75d,OK,200,ThingId_ICCID_8999931200310006999_1770220622467_0.09429185757441672,ThingId_ICCID_8999931200310006999_1770220622467_0.09429185757441672,
2026-02-04,863457051694212,8.999920200310994e+18,"AT+GTDAT=gv300w,1,,CMD2112,0,,,,FFFF$",a6abebebf7ea97553c9643d7fd4491686199ce50b1e3ca269d63e2214287f0c1,OK,200,ThingId_ICCID_8999920200310993433_1770220624845_0.3978913185320818,ThingId_ICCID_8999920200310993433_1770220624845_0.3978913185320818,
2026-02-04,869671070585748,8.999931200310008e+18,"AT+GTDAT=gv300w,1,,CMD2112,0,,,,FFFF$",d63ab048c68f8c27bc76df1a6231b0ffd751b6645ead21dcc63e13d0e131a15c,OK,200,ThingId_ICCID_8999931200310008604_1770220626640_0.7131190187738976,ThingId_ICCID_8999931200310008604_1770220626640_0.7131190187738976,
2026-02-04,869671072171083,8.99993120031001e+18,"AT+GTDAT=gv300w,1,,CMD2112,0,,,,FFFF$",d273e07fb9f87b123cde05e923236fdcd6e851a01a5e6e15fc6ca911482505f9,OK,200,ThingId_ICCID_8999931200310009813_1770220627998_0.44819564286055535,ThingId_ICCID_8999931200310009813_1770220627998_0.44819564286055535,
2026-02-04,868589060363473,8.999931200310007e+18,"AT+GTDAT=gv300w,1,,CMD2112,0,,,,FFFF$",d9adc2bb5a12f91b9afe3e814e95a844070adb53c78859c49a2d94dc039bbd96,OK,200,ThingId_ICCID_8999931200310005853_1770220630871_0.048226589946305465,ThingId_ICCID_8999931200310005853_1770220630871_0.048226589946305465,
2026-02-04,869671070576218,8.999931200310005e+18,"AT+GTDAT=gv300w,1,,CMD2112,0,,,,FFFF$",46835cb4b71f458bee1dd3719a042c44905cdf543d63f17b8eb92382fa95ab87,OK,200,ThingId_ICCID_8999931200310004949_1770220631776_0.05785250152702326,ThingId_ICCID_8999931200310004949_1770220631776_0.05785250152702326,
2026-02-04,863457052205166,8.999920200310994e+18,"AT+GTDAT=gv300w,1,,CMD2112,0,,,,FFFF$",03d37bf6c589d04a39ac84a24e39b7be0470160a5b51093920b6e2b9b04ea0bf,OK,200,ThingId_ICCID_8999920200310993740_1770220634640_0.050106278487871414,ThingId_ICCID_8999920200310993740_1770220634640_0.050106278487871414,
2026-02-04,868589060243154,8.999931200310004e+18,"AT+GTDAT=gv300w,1,,CMD2112,0,,,,FFFF$",f3a9d622ef80b418c670f59d9b77346b97a72cf4895a74e84340f442df6e19f8,OK,200,ThingId_ICCID_8999931200310004476_1770220636504_0.40276360132206435,ThingId_ICCID_8999931200310004476_1770220636504_0.40276360132206435,
2026-02-04,863238070327194,8.999931200310007e+18,"AT+GTDAT=gv300w,1,,CMD2112,0,,,,FFFF$",40d4c3b3de8face88f0ac43d605ecfc3b1d5b2d7deecd788b6b5a693db704285,OK,200,ThingId_ICCID_8999931200310006899_1770220638749_0.1293142242261145,ThingId_ICCID_8999931200310006899_1770220638749_0.1293142242261145,
2026-02-04,863457051712881,8.999920200310594e+18,"AT+GTDAT=gv300w,1,,CMD2112,0,,,,FFFF$",8673abffc9388bf820742c642e2b521f21ac3990505c1b11309afb52f21d4d55,OK,200,ThingId_ICCID_8999920200310594586_1770220640062_0.20871592363164782,ThingId_ICCID_8999920200310594586_1770220640062_0.20871592363164782,
2026-02-04,869671072170739,8.999931200310008e+18,"AT+GTDAT=gv300w,1,,CMD2112,0,,,,FFFF$",a8bd016a302dfe7e694281038b72e354b72ae76d6f6955529797cec67e113e02,OK,200,ThingId_ICCID_8999931200310008218_1770220641416_0.6882018791138096,ThingId_ICCID_8999931200310008218_1770220641416_0.6882018791138096,
2026-02-04,869671070574965,8.999931200310004e+18,"AT+GTDAT=gv300w,1,,CMD2112,0,,,,FFFF$",58ce4b8e420e50c974525886f6cb0f0757f0fb42da4e72e747570c5d1df21f9c,OK,200,ThingId_ICCID_8999931200310004898_1770220642337_0.3031885739709528,ThingId_ICCID_8999931200310004898_1770220642337_0.3031885739709528,
2026-02-04,868589060666768,8.99993120031001e+18,"AT+GTDAT=gv300w,1,,CMD2112,0,,,,FFFF$",21fc120d18b4fa1cf89a2b57d3342fd84e9e5d67292a8d16e987929b60192d08,OK,200,ThingId_ICCID_8999931200310009164_1770220644131_0.19240812374783367,ThingId_ICCID_8999931200310009164_1770220644131_0.19240812374783367,
2026-02-04,869671070591373,8.999931200310008e+18,"AT+GTDAT=gv300w,1,,CMD2112,0,,,,FFFF$",d1759daa5571d1535351fcbd9ebcbf53fd656f461ceead7a38cbfb9e78905aec,OK,200,ThingId_ICCID_8999931200310008159_1770220645978_0.7132630763510113,ThingId_ICCID_8999931200310008159_1770220645978_0.7132630763510113,
2026-02-12,869671072165515,,"AT+GTDAT=gv300w,1,,CMD97,0,,,,FFFF$",d0704e12619753b5d8c326e3349c90b2c3f5bc6131fa07ac8e038e942fdb0e33,OK,200,"{""status"":""OK"",""code"":200,""data"":""command send successfully""}","{""status"":""OK"",""code"":200,""data"":""command send successfully""}",PM
2026-02-12,863457050620911,,"AT+GTDAT=gv300w,1,,CMD97,0,,,,FFFF$",1a1d00df57f9288ffd75ad13a636e8b677955291ed436ff4d7212d7eae2f9362,OK,200,"{""status"":""OK"",""code"":200,""data"":""command send successfully""}","{""status"":""OK"",""code"":200,""data"":""command send successfully""}",PM
2026-02-12,868589060410670,,"AT+GTDAT=gv300w,1,,CMD97,0,,,,FFFF$",7f07d9a5357eaa4140324fea23b2955ec105ec901a87df5f01f76a8cfb638e6f,OK,200,"{""status"":""OK"",""code"":200,""data"":""command send successfully""}","{""status"":""OK"",""code"":200,""data"":""command send successfully""}",PM
2026-02-12,863238070325727,,"AT+GTDAT=gv300w,1,,CMD97,0,,,,FFFF$",0d1b2ccbf95d30239452a089de39cbd16823dea7953bd54422fb3b938988d198,OK,200,"{""status"":""OK"",""code"":200,""data"":""command send successfully""}","{""status"":""OK"",""code"":200,""data"":""command send successfully""}",PM
2026-02-12,867162029138906,,"AT+GTDAT=gv300w,1,,CMD97,0,,,,FFFF$",009b3d718383ec67c6be82489cbbc16f315792ff2319db75b0c9567539d6b2f3,OK,200,"{""status"":""OK"",""code"":200,""data"":""command send successfully""}","{""status"":""OK"",""code"":200,""data"":""command send successfully""}",PM
2026-02-12,867162025942970,,"AT+GTDAT=gv300w,1,,CMD97,0,,,,FFFF$",1bfd73633c350a5c08eca9fe86bd8c6079692e8dc8a93c0127d6a83881edc4b9,OK,200,"{""status"":""OK"",""code"":200,""data"":""command send successfully""}","{""status"":""OK"",""code"":200,""data"":""command send successfully""}",PM
2026-02-12,863457050634813,,"AT+GTDAT=gv300w,1,,CMD97,0,,,,FFFF$",f60e1c356adf57b27cf6f193971a9099f8813013a79a1d388148ba499e7505ab,OK,200,"{""status"":""OK"",""code"":200,""data"":""command send successfully""}","{""status"":""OK"",""code"":200,""data"":""command send successfully""}",PM
2026-02-12,863457050651908,,"AT+GTDAT=gv300w,1,,CMD97,0,,,,FFFF$",c8a97a1dbdf46410504767f18fa9ae3b02c77e56156b5f710feb100050e4f110,OK,200,"{""status"":""OK"",""code"":200,""data"":""command send successfully""}","{""status"":""OK"",""code"":200,""data"":""command send successfully""}",PM
2026-02-12,869671070591886,,"AT+GTDAT=gv300w,1,,CMD97,0,,,,FFFF$",d03186a863ae218820a4c1badaea64be36511dc302493eb7241ff8cfb0c17449,OK,200,"{""status"":""OK"",""code"":200,""data"":""command send successfully""}","{""status"":""OK"",""code"":200,""data"":""command send successfully""}",PM
2026-02-12,869671070586431,,"AT+GTDAT=gv300w,1,,CMD97,0,,,,FFFF$",1526b15bd38fbf1a0bd7f102fa49c60cfe9a95f148b69157f1bdcb24dc1ce0d4,OK,200,"{""status"":""OK"",""code"":200,""data"":""command send successfully""}","{""status"":""OK"",""code"":200,""data"":""command send successfully""}",PM
2026-02-12,863457051069290,,"AT+GTDAT=gv300w,1,,CMD97,0,,,,FFFF$",57a371496c736b5ee6596260531396db88b01537c8eb94067f4e098e75498844,OK,200,"{""status"":""OK"",""code"":200,""data"":""command send successfully""}","{""status"":""OK"",""code"":200,""data"":""command send successfully""}",PM
2026-02-12,863457051713244,,"AT+GTDAT=gv300w,1,,CMD97,0,,,,FFFF$",5c30ee6991c2790fb39cdd1b08de6153077a06bd8047bd83faed8083df508d2e,OK,200,"{""status"":""OK"",""code"":200,""data"":""command send successfully""}","{""status"":""OK"",""code"":200,""data"":""command send successfully""}",PM
2026-02-12,863457050620754,,"AT+GTDAT=gv300w,1,,CMD97,0,,,,FFFF$",7d430f312481aad486ce6e9bcc310df6baf30a486cbc6ab9e08a7aabb40baf0a,OK,200,"{""status"":""OK"",""code"":200,""data"":""command send successfully""}","{""status"":""OK"",""code"":200,""data"":""command send successfully""}",PM
2026-02-12,867162027881044,,"AT+GTDAT=gv300w,1,,CMD97,0,,,,FFFF$",293a5a41bef806fd694ff28c12277275c246faeeebe2d9e7bae398188f321749,OK,200,"{""status"":""OK"",""code"":200,""data"":""command send successfully""}","{""status"":""OK"",""code"":200,""data"":""command send successfully""}",PM
2026-02-12,863457052209713,,"AT+GTDAT=gv300w,1,,CMD97,0,,,,FFFF$",1a05e667e253ded685c020871c1f1e1819050be180de8e8f15bae6d2a030896b,OK,200,"{""status"":""OK"",""code"":200,""data"":""command send successfully""}","{""status"":""OK"",""code"":200,""data"":""command send successfully""}",PM
2026-02-12,865413056248759,,"AT+GTDAT=gv300w,1,,CMD97,0,,,,FFFF$",885b57b73e2b2bf00a1f07ca989fc60f2dc23601a4206d31d03a4c5d5e498fb8,OK,200,"{""status"":""OK"",""code"":200,""data"":""command send successfully""}","{""status"":""OK"",""code"":200,""data"":""command send successfully""}",PM
2026-02-12,867162029775020,,"AT+GTDAT=gv300w,1,,CMD97,0,,,,FFFF$",8b4d3aa12adeac81f022750393dc1bf568a02d5decf4ea81ccd7a66779302822,OK,200,"{""status"":""OK"",""code"":200,""data"":""command send successfully""}","{""status"":""OK"",""code"":200,""data"":""command send successfully""}",PM
2026-02-12,865413056961286,,"AT+GTDAT=gv300w,1,,CMD97,0,,,,FFFF$",639a707ddd3ee16a1cd84ba0863e9405ab4afcf8935e568eca49eb1484b3c5bf,OK,200,"{""status"":""OK"",""code"":200,""data"":""command send successfully""}","{""status"":""OK"",""code"":200,""data"":""command send successfully""}",PM
2026-02-12,869671070594922,,"AT+GTDAT=gv300w,1,,CMD97,0,,,,FFFF$",bf8cfa3bd40ae2e5db406a058be7a33ce2357e153aa43a4c097724168f0ebcd0,OK,200,"{""status"":""OK"",""code"":200,""data"":""command send successfully""}","{""status"":""OK"",""code"":200,""data"":""command send successfully""}",PM
2026-02-12,869671070589815,,"AT+GTDAT=gv300w,1,,CMD97,0,,,,FFFF$",63dc240d1719d40686dc6d7c1a413ec2d3c458138de92c88cf383056c11ae6d1,OK,200,"{""status"":""OK"",""code"":200,""data"":""command send successfully""}","{""status"":""OK"",""code"":200,""data"":""command send successfully""}",PM
2026-02-12,869671070591241,,"AT+GTDAT=gv300w,1,,CMD97,0,,,,FFFF$",ebf91a2b18d36369bf1f9b4cfd353b2044beb088740639f3c707f05f978b7d7b,OK,200,"{""status"":""OK"",""code"":200,""data"":""command send successfully""}","{""status"":""OK"",""code"":200,""data"":""command send successfully""}",PM
2026-02-12,869671070582125,,"AT+GTDAT=gv300w,1,,CMD97,0,,,,FFFF$",ce74da44612f3d527214b456897c6e44e13765c433fb621e3fe52ae28fbe5bd1,OK,200,"{""status"":""OK"",""code"":200,""data"":""command send successfully""}","{""status"":""OK"",""code"":200,""data"":""command send successfully""}",PM
2026-02-12,869671070575467,,"AT+GTDAT=gv300w,1,,CMD97,0,,,,FFFF$",c51597bbf469bbd3f4670ed7331c338a4ee0c4975f4e2fb7d4c71de27a5d290c,OK,200,"{""status"":""OK"",""code"":200,""data"":""command send successfully""}","{""status"":""OK"",""code"":200,""data"":""command send successfully""}",PM
2026-02-12,869671070574965,,"AT+GTDAT=gv300w,1,,CMD97,0,,,,FFFF$",fa48034371903c8472647d22449f22cd40feeea446e892bbf70564dbe18f6bf5,OK,200,"{""status"":""OK"",""code"":200,""data"":""command send successfully""}","{""status"":""OK"",""code"":200,""data"":""command send successfully""}",PM
2026-02-12,867162029853801,,"AT+GTDAT=gv300w,1,,CMD97,0,,,,FFFF$",7fdd69ac6cc085e3c8a3ae3271d5ab45f03bb6662801f35f5d0d6584b093856d,OK,200,"{""status"":""OK"",""code"":200,""data"":""command send successfully""}","{""status"":""OK"",""code"":200,""data"":""command send successfully""}",PM
2026-02-12,863457051760773,,"AT+GTDAT=gv300w,1,,CMD97,0,,,,FFFF$",661e30a46d8b8bf7faefbfcd5f4790c2596ef09dc09e9cf9fdbf5454534ea5cf,OK,200,"{""status"":""OK"",""code"":200,""data"":""command send successfully""}","{""status"":""OK"",""code"":200,""data"":""command send successfully""}",PM
2026-02-12,869671070586829,,"AT+GTDAT=gv300w,1,,CMD97,0,,,,FFFF$",22945f8e9a8ca17632c826c6d5b28437771ab311f1b09a820937bb7545f4ccee,OK,200,"{""status"":""OK"",""code"":200,""data"":""command send successfully""}","{""status"":""OK"",""code"":200,""data"":""command send successfully""}",PM
2026-02-12,863238070319431,,"AT+GTDAT=gv300w,1,,CMD97,0,,,,FFFF$",15a1b7b7b7902a8c97460a015b886c0c21987506f74cd7da5b2f996d55ccdce8,OK,200,"{""status"":""OK"",""code"":200,""data"":""command send successfully""}","{""status"":""OK"",""code"":200,""data"":""command send successfully""}",PM
2026-02-12,863238070327053,,"AT+GTDAT=gv300w,1,,CMD97,0,,,,FFFF$",46993448458704bc08c81fbfa9debeed5d949dc91740f934ab0d8ed40b35101c,OK,200,"{""status"":""OK"",""code"":200,""data"":""command send successfully""}","{""status"":""OK"",""code"":200,""data"":""command send successfully""}",PM
2026-02-12,863238070319720,,"AT+GTDAT=gv300w,1,,CMD97,0,,,,FFFF$",43767437533dc6c1dc8694e2eaabc5bb2b8dd13acfd08081f1cfe8bbee8bd550,OK,200,"{""status"":""OK"",""code"":200,""data"":""command send successfully""}","{""status"":""OK"",""code"":200,""data"":""command send successfully""}",PM
2026-02-12,869671072166687,,"AT+GTDAT=gv300w,1,,CMD97,0,,,,FFFF$",6d29b6614b2ea8889281946fcf3ddd4ad81f3578a9eb629114a6b97cd2a870d1,OK,200,"{""status"":""OK"",""code"":200,""data"":""command send successfully""}","{""status"":""OK"",""code"":200,""data"":""command send successfully""}",PM
2026-02-12,863457051077632,,"AT+GTDAT=gv300w,1,,CMD97,0,,,,FFFF$",cdb17ec7de19a0672de0a02e6b3393a41abe1b8768693057439dccfec7fe5943,OK,200,"{""status"":""OK"",""code"":200,""data"":""command send successfully""}","{""status"":""OK"",""code"":200,""data"":""command send successfully""}",PM
2026-02-12,869671070589252,,"AT+GTDAT=gv300w,1,,CMD97,0,,,,FFFF$",ac2839d8aad903eaae3c466a436c7f878e22b2c437a17b97352780f06fd17a9c,OK,200,"{""status"":""OK"",""code"":200,""data"":""command send successfully""}","{""status"":""OK"",""code"":200,""data"":""command send successfully""}",PM
2026-02-12,863457051699674,,"AT+GTDAT=gv300w,1,,CMD97,0,,,,FFFF$",149cc9b923322f61579d95951ace082e5fc4f7add42c418296aaf8404ef5f0e6,OK,200,"{""status"":""OK"",""code"":200,""data"":""command send successfully""}","{""status"":""OK"",""code"":200,""data"":""command send successfully""}",PM
2026-02-12,869671070595614,,"AT+GTDAT=gv300w,1,,CMD97,0,,,,FFFF$",5b660cebd184de1ffbb0eb8a8db3c1640698b8371152e870c201bcaacbf3a345,OK,200,"{""status"":""OK"",""code"":200,""data"":""command send successfully""}","{""status"":""OK"",""code"":200,""data"":""command send successfully""}",PM
2026-02-12,869671070593015,,"AT+GTDAT=gv300w,1,,CMD97,0,,,,FFFF$",cfdd76d6a39f37af981068fc467c36224acab3ac85fb16987219207318bc8db6,OK,200,"{""status"":""OK"",""code"":200,""data"":""command send successfully""}","{""status"":""OK"",""code"":200,""data"":""command send successfully""}",PM
2026-02-12,865413056249864,,"AT+GTDAT=gv300w,1,,CMD97,0,,,,FFFF$",8c2681ab4cb8fc6a2da4d1d7faa12ea5eba5f442fa067c44aa1600530b858042,OK,200,"{""status"":""OK"",""code"":200,""data"":""command send successfully""}","{""status"":""OK"",""code"":200,""data"":""command send successfully""}",PM
2026-02-12,863457050601119,,"AT+GTDAT=gv300w,1,,CMD97,0,,,,FFFF$",dc4c79f943a8002908f7541e81af1d7cf5fffeaa96b9e3af0a3250fa22369a62,OK,200,"{""status"":""OK"",""code"":200,""data"":""command send successfully""}","{""status"":""OK"",""code"":200,""data"":""command send successfully""}",PM
2026-02-12,863457050610490,,"AT+GTDAT=gv300w,1,,CMD97,0,,,,FFFF$",a9ab7b47a3f129a38c05078cd0313e5f4a2ecac0815bf1a65672b3c747421034,OK,200,"{""status"":""OK"",""code"":200,""data"":""command send successfully""}","{""status"":""OK"",""code"":200,""data"":""command send successfully""}",PM
2026-02-12,869671072166455,,"AT+GTDAT=gv300w,1,,CMD97,0,,,,FFFF$",ddedeafc00f5a93b3d5ea26493ce9e42cb4e29f4fe865c2373d55df813a98de4,OK,200,"{""status"":""OK"",""code"":200,""data"":""command send successfully""}","{""status"":""OK"",""code"":200,""data"":""command send successfully""}",PM
2026-02-12,867162027611425,,"AT+GTDAT=gv300w,1,,CMD97,0,,,,FFFF$",455249b15e0b04b754cfb5f94b2b58c93038b37aea7b7afaec261bc4ee57dd29,OK,200,"{""status"":""OK"",""code"":200,""data"":""command send successfully""}","{""status"":""OK"",""code"":200,""data"":""command send successfully""}",PM
2026-02-12,869671072166091,,"AT+GTDAT=gv300w,1,,CMD97,0,,,,FFFF$",23e20528d34e7845bc1886179e4c84f2e88595e7d554b4baa80fbe72508f9221,OK,200,"{""status"":""OK"",""code"":200,""data"":""command send successfully""}","{""status"":""OK"",""code"":200,""data"":""command send successfully""}",PM
2026-02-12,863238070325941,,"AT+GTDAT=gv300w,1,,CMD97,0,,,,FFFF$",b5bd357b6ea688efb46e9bcbd61089791dba89efc1342f9cb26f06077868d262,OK,200,"{""status"":""OK"",""code"":200,""data"":""command send successfully""}","{""status"":""OK"",""code"":200,""data"":""command send successfully""}",PM
2026-02-12,869671072167867,,"AT+GTDAT=gv300w,1,,CMD97,0,,,,FFFF$",04dc937db7b5e0f42e78107e90d91d6a5b6c5d5fd63389469c2c3444808c8a96,OK,200,"{""status"":""OK"",""code"":200,""data"":""command send successfully""}","{""status"":""OK"",""code"":200,""data"":""command send successfully""}",PM
2026-02-12,869671070576663,,"AT+GTDAT=gv300w,1,,CMD97,0,,,,FFFF$",eecb4fcbca40ddfd89b3573378c7a69bf76988ae832151f65372e28a3e5b7ceb,OK,200,"{""status"":""OK"",""code"":200,""data"":""command send successfully""}","{""status"":""OK"",""code"":200,""data"":""command send successfully""}",PM
2026-02-12,868589060172312,,"AT+GTDAT=gv300w,1,,CMD97,0,,,,FFFF$",9ffc88636da11209f7701be04b3581de9c91c0807c2543c77dd830f4f065dbe9,OK,200,"{""status"":""OK"",""code"":200,""data"":""command send successfully""}","{""status"":""OK"",""code"":200,""data"":""command send successfully""}",PM
2026-02-12,869671070597693,,"AT+GTDAT=gv300w,1,,CMD97,0,,,,FFFF$",74c038b3d5bafe69a4e9ffb57f730ddbc92fe8dfae04258c021d98f8a43ed266,OK,200,"{""status"":""OK"",""code"":200,""data"":""command send successfully""}","{""status"":""OK"",""code"":200,""data"":""command send successfully""}",PM
2026-02-12,869671070588973,,"AT+GTDAT=gv300w,1,,CMD97,0,,,,FFFF$",73631a1a09ef81ac02c5ab54cb68b792dbd4feb14303a493eb08548b7ea6891b,OK,200,"{""status"":""OK"",""code"":200,""data"":""command send successfully""}","{""status"":""OK"",""code"":200,""data"":""command send successfully""}",PM
2026-02-12,863457050207487,,"AT+GTDAT=gv300w,1,,CMD97,0,,,,FFFF$",6b3a780b3e21fc2f785ee8592f5a5d9ff7192fa40e029e954f9d00d0872f36aa,OK,200,"{""status"":""OK"",""code"":200,""data"":""command send successfully""}","{""status"":""OK"",""code"":200,""data"":""command send successfully""}",PM
2026-02-12,863457051719035,,"AT+GTDAT=gv300w,1,,CMD97,0,,,,FFFF$",dbb311efc703afe33d9b221e612fee89c79d9684507ef66d86b5acf76d864a3c,OK,200,"{""status"":""OK"",""code"":200,""data"":""command send successfully""}","{""status"":""OK"",""code"":200,""data"":""command send successfully""}",PM
2026-02-12,869671070585185,,"AT+GTDAT=gv300w,1,,CMD97,0,,,,FFFF$",63c66fddf9fe8d811a4b7886c9faea909a2561978e5af5926682713bad05b1ec,OK,200,"{""status"":""OK"",""code"":200,""data"":""command send successfully""}","{""status"":""OK"",""code"":200,""data"":""command send successfully""}",PM
2026-02-12,867162027624204,,"AT+GTDAT=gv300w,1,,CMD97,0,,,,FFFF$",e2e9b10cb91aedf993697d4594704bc2624f1e7d5b708fa989f089906ad47b9d,OK,200,"{""status"":""OK"",""code"":200,""data"":""command send successfully""}","{""status"":""OK"",""code"":200,""data"":""command send successfully""}",PM
2026-02-12,869671070574874,,"AT+GTDAT=gv300w,1,,CMD97,0,,,,FFFF$",68f37bf6159b40426dba8bc7ca8204abcd7d7bb1d91a5acc0c2e2fe4eeaf1670,OK,200,"{""status"":""OK"",""code"":200,""data"":""command send successfully""}","{""status"":""OK"",""code"":200,""data"":""command send successfully""}",PM
2026-02-12,867162027842145,,"AT+GTDAT=gv300w,1,,CMD97,0,,,,FFFF$",ecdd33d8b81a619a235c9d4a029ae3406a9b8a17771c2147449f07384ee38c63,OK,200,"{""status"":""OK"",""code"":200,""data"":""command send successfully""}","{""status"":""OK"",""code"":200,""data"":""command send successfully""}",PM
2026-02-12,863457051751939,,"AT+GTDAT=gv300w,1,,CMD97,0,,,,FFFF$",1341175d67485c784fb254bab83ff3b2eaa07e8d1ba2d7ef93933bb6a02e7ee6,OK,200,"{""status"":""OK"",""code"":200,""data"":""command send successfully""}","{""status"":""OK"",""code"":200,""data"":""command send successfully""}",PM
2026-02-12,869671070594997,,"AT+GTDAT=gv300w,1,,CMD97,0,,,,FFFF$",c59ea8d2ca685ed042e0e9d78d3d29177a1bf45360369cb3535eea382b2aef12,OK,200,"{""status"":""OK"",""code"":200,""data"":""command send successfully""}","{""status"":""OK"",""code"":200,""data"":""command send successfully""}",PM
2026-02-12,863457050647260,,"AT+GTDAT=gv300w,1,,CMD97,0,,,,FFFF$",5360d277aca0fc2b2d903945699c8d0e5ac2561906b48a137ef6280097b0f7d7,OK,200,"{""status"":""OK"",""code"":200,""data"":""command send successfully""}","{""status"":""OK"",""code"":200,""data"":""command send successfully""}",PM
2026-02-12,863457051064366,,"AT+GTDAT=gv300w,1,,CMD97,0,,,,FFFF$",d3bae107587c687aacc30b772a588af55a4aacf0f098157a9af36ff1a55fdd43,OK,200,"{""status"":""OK"",""code"":200,""data"":""command send successfully""}","{""status"":""OK"",""code"":200,""data"":""command send successfully""}",PM
2026-02-12,863238070321627,,"AT+GTDAT=gv300w,1,,CMD97,0,,,,FFFF$",2e87ae7f744375aae029b2801dfc11f1b5c53865f6eebafb90c0d1034a426b15,OK,200,"{""status"":""OK"",""code"":200,""data"":""command send successfully""}","{""status"":""OK"",""code"":200,""data"":""command send successfully""}",PM
2026-02-12,863457051713194,,"AT+GTDAT=gv300w,1,,CMD97,0,,,,FFFF$",0dff29fe831c47d8debd31b370f29983d5ce610aad51f30ee1073038d646d14a,OK,200,"{""status"":""OK"",""code"":200,""data"":""command send successfully""}","{""status"":""OK"",""code"":200,""data"":""command send successfully""}",PM
2026-02-12,869671070589385,,"AT+GTDAT=gv300w,1,,CMD97,0,,,,FFFF$",563342148cb68883e286d3b27ab6769ce88fe613683295bd2ff6f63f6ae54419,OK,200,"{""status"":""OK"",""code"":200,""data"":""command send successfully""}","{""status"":""OK"",""code"":200,""data"":""command send successfully""}",PM
2026-02-12,863457052210430,,"AT+GTDAT=gv300w,1,,CMD97,0,,,,FFFF$",07c49ae8660f3eef6909b5195569f8d2b0cd5de8ead7793e443b9136c06db26e,OK,200,"{""status"":""OK"",""code"":200,""data"":""command send successfully""}","{""status"":""OK"",""code"":200,""data"":""command send successfully""}",PM
2026-02-12,867162027874411,,"AT+GTDAT=gv300w,1,,CMD97,0,,,,FFFF$",8a4d7275ef371e2e6340c4579d9bde3895d4b842253929b32071c1a54142772b,OK,200,"{""status"":""OK"",""code"":200,""data"":""command send successfully""}","{""status"":""OK"",""code"":200,""data"":""command send successfully""}",PM
2026-02-12,863457051066510,,"AT+GTDAT=gv300w,1,,CMD97,0,,,,FFFF$",74f4f9341a34562be4109f105e8a614802c719374b59bf687aca88d1ead95dca,OK,200,"{""status"":""OK"",""code"":200,""data"":""command send successfully""}","{""status"":""OK"",""code"":200,""data"":""command send successfully""}",PM
2026-02-12,867162029127990,,"AT+GTDAT=gv300w,1,,CMD97,0,,,,FFFF$",69fa77e5ed49a659597a929829d914c41e2ff25219bfdef1af2fce35c19fe885,OK,200,"{""status"":""OK"",""code"":200,""data"":""command send successfully""}","{""status"":""OK"",""code"":200,""data"":""command send successfully""}",PM
2026-02-12,869671070595481,,"AT+GTDAT=gv300w,1,,CMD97,0,,,,FFFF$",b37629d718bb6a01d8b9c535b586fb497e4e75a9cf919473000a77b61caf786a,OK,200,"{""status"":""OK"",""code"":200,""data"":""command send successfully""}","{""status"":""OK"",""code"":200,""data"":""command send successfully""}",PM
2026-02-12,867162027256080,,"AT+GTDAT=gv300w,1,,CMD97,0,,,,FFFF$",2482ecab4f0b1d94d973d2a4d0b57e95066156d5b72102d333b6aed70c73b6f0,OK,200,"{""status"":""OK"",""code"":200,""data"":""command send successfully""}","{""status"":""OK"",""code"":200,""data"":""command send successfully""}",PM
2026-02-12,869671070577307,,"AT+GTDAT=gv300w,1,,CMD97,0,,,,FFFF$",7c0f01d766464c6341640ece1514029c94699b8042e7207e5f8019be78785a86,OK,200,"{""status"":""OK"",""code"":200,""data"":""command send successfully""}","{""status"":""OK"",""code"":200,""data"":""command send successfully""}",PM
2026-02-12,869671070574700,,"AT+GTDAT=gv300w,1,,CMD97,0,,,,FFFF$",cbae61283ef84052094273618a055bf63877e45657b9a49b549805271406beb7,OK,200,"{""status"":""OK"",""code"":200,""data"":""command send successfully""}","{""status"":""OK"",""code"":200,""data"":""command send successfully""}",PM
2026-02-12,863457052205414,,"AT+GTDAT=gv300w,1,,CMD97,0,,,,FFFF$",719506f41d3331acb74563285c6e6d6fd8a75a9cc47d4eb46bd51c40a58c3e8c,OK,200,"{""status"":""OK"",""code"":200,""data"":""command send successfully""}","{""status"":""OK"",""code"":200,""data"":""command send successfully""}",PM
2026-02-12,863457051200713,,"AT+GTDAT=gv300w,1,,CMD97,0,,,,FFFF$",fdce51eef8460de9f7c59a97d921def577be9c5703757f054de995dbc8ff76d5,OK,200,"{""status"":""OK"",""code"":200,""data"":""command send successfully""}","{""status"":""OK"",""code"":200,""data"":""command send successfully""}",PM
2026-02-12,869671070584055,,"AT+GTDAT=gv300w,1,,CMD97,0,,,,FFFF$",972834dc3907437930f719a7530938b0fbca96a2bec0add4943ffb0bb96da986,OK,200,"{""status"":""OK"",""code"":200,""data"":""command send successfully""}","{""status"":""OK"",""code"":200,""data"":""command send successfully""}",PM
2026-02-12,863457051056545,,"AT+GTDAT=gv300w,1,,CMD97,0,,,,FFFF$",702e61248498624c5fc5a886b2cc19b4f0e5ef30798d0fa784bd1b07a9af293e,OK,200,"{""status"":""OK"",""code"":200,""data"":""command send successfully""}","{""status"":""OK"",""code"":200,""data"":""command send successfully""}",PM
2026-02-12,867162025945650,,"AT+GTDAT=gv300w,1,,CMD97,0,,,,FFFF$",62cc0ee314b490b2ee2e756ba6fc1766a5f1ec6c969bfafb65a4ca3e987d3c93,OK,200,"{""status"":""OK"",""code"":200,""data"":""command send successfully""}","{""status"":""OK"",""code"":200,""data"":""command send successfully""}",PM
2026-02-12,869671072169616,,"AT+GTDAT=gv300w,1,,CMD97,0,,,,FFFF$",47d3e5caa8f1b23298e1370fd410270313dde5b0b04f6fd1eed7ff1daa820cd6,OK,200,"{""status"":""OK"",""code"":200,""data"":""command send successfully""}","{""status"":""OK"",""code"":200,""data"":""command send successfully""}",PM
2026-02-12,863238070327194,,"AT+GTDAT=gv300w,1,,CMD97,0,,,,FFFF$",8a98ebfdae4b3e35a63305cdd72cc4a441e3cec08d08b38416e660804170a3a9,OK,200,"{""status"":""OK"",""code"":200,""data"":""command send successfully""}","{""status"":""OK"",""code"":200,""data"":""command send successfully""}",PM
2026-02-12,869671072172057,,"AT+GTDAT=gv300w,1,,CMD97,0,,,,FFFF$",c2a46dc1873d240ed56a2b02d61b2f4123b015b0e54c9c2aa366537003f56a0e,OK,200,"{""status"":""OK"",""code"":200,""data"":""command send successfully""}","{""status"":""OK"",""code"":200,""data"":""command send successfully""}",PM
2026-02-12,869671070587645,,"AT+GTDAT=gv300w,1,,CMD97,0,,,,FFFF$",a2c04501c5d05299818b39cdd10225c9e2162983a08495cfb780094d392bcd58,OK,200,"{""status"":""OK"",""code"":200,""data"":""command send successfully""}","{""status"":""OK"",""code"":200,""data"":""command send successfully""}",PM
2026-02-12,867162027955731,,"AT+GTDAT=gv300w,1,,CMD97,0,,,,FFFF$",a78d14c802fa0400fe4c74ea9d27233ed3b37bc81118bb0d3fe38ebb4530d423,OK,200,"{""status"":""OK"",""code"":200,""data"":""command send successfully""}","{""status"":""OK"",""code"":200,""data"":""command send successfully""}",PM
2026-02-12,869671070589138,,"AT+GTDAT=gv300w,1,,CMD97,0,,,,FFFF$",297dc40fff28a594a90e958229d16184eab23d763acf4b700748cc47a9fb8c9f,OK,200,"{""status"":""OK"",""code"":200,""data"":""command send successfully""}","{""status"":""OK"",""code"":200,""data"":""command send successfully""}",PM
2026-02-12,869671072165556,,"AT+GTDAT=gv300w,1,,CMD97,0,,,,FFFF$",530cbbff2c8f463762d873c9bd0e4c859bdc5db634b0755ed89b15607412aa5e,OK,200,"{""status"":""OK"",""code"":200,""data"":""command send successfully""}","{""status"":""OK"",""code"":200,""data"":""command send successfully""}",PM
2026-02-12,869671070584592,,"AT+GTDAT=gv300w,1,,CMD97,0,,,,FFFF$",2ffddef9761930aa0e6035ab5e2af3fd5d7d42f2e7513d0e767a98f6ce857c7a,OK,200,"{""status"":""OK"",""code"":200,""data"":""command send successfully""}","{""status"":""OK"",""code"":200,""data"":""command send successfully""}",PM
2026-02-12,863457050615077,,"AT+GTDAT=gv300w,1,,CMD97,0,,,,FFFF$",68463027fb482813136d61e4db601f41b5b6c844a0857d4df9cd7e633534003e,OK,200,"{""status"":""OK"",""code"":200,""data"":""command send successfully""}","{""status"":""OK"",""code"":200,""data"":""command send successfully""}",PM
2026-02-12,867162027944107,,"AT+GTDAT=gv300w,1,,CMD97,0,,,,FFFF$",01791d79fe42cc42bfd190834c422fffd66ee57094492690addcd4fe759cb29f,OK,200,"{""status"":""OK"",""code"":200,""data"":""command send successfully""}","{""status"":""OK"",""code"":200,""data"":""command send successfully""}",PM
2026-02-12,869671070585862,,"AT+GTDAT=gv300w,1,,CMD97,0,,,,FFFF$",3dd518e8ef8f1e873076da4dd3581c726e33bdff4c756cb2139c1072fc5a9a46,OK,200,"{""status"":""OK"",""code"":200,""data"":""command send successfully""}","{""status"":""OK"",""code"":200,""data"":""command send successfully""}",PM
2026-02-12,863457051731782,,"AT+GTDAT=gv300w,1,,CMD97,0,,,,FFFF$",84ce7820a20ce5f2eeab2a8b96aad9bd185e213fe1db1d56e6b6887d9704e85d,OK,200,"{""status"":""OK"",""code"":200,""data"":""command send successfully""}","{""status"":""OK"",""code"":200,""data"":""command send successfully""}",PM
2026-02-12,869671070581275,,"AT+GTDAT=gv300w,1,,CMD97,0,,,,FFFF$",bb5c632fa6d20a7929f9961837ae21b4054df7098897e87f512c0762a4b1e71b,OK,200,"{""status"":""OK"",""code"":200,""data"":""command send successfully""}","{""status"":""OK"",""code"":200,""data"":""command send successfully""}",PM
2026-02-12,865413053142542,,"AT+GTDAT=gv300w,1,,CMD97,0,,,,FFFF$",30d249e564e65fccf741f19e962b1b63427ef1c234ee9c5422f5c964e26eb74d,OK,200,"{""status"":""OK"",""code"":200,""data"":""command send successfully""}","{""status"":""OK"",""code"":200,""data"":""command send successfully""}",PM
2026-02-12,867162027879626,,"AT+GTDAT=gv300w,1,,CMD97,0,,,,FFFF$",bcd678354ec6bc6da7f3e37e2b01401338408ee5e4f7bf05d4407c28214720fc,OK,200,"{""status"":""OK"",""code"":200,""data"":""command send successfully""}","{""status"":""OK"",""code"":200,""data"":""command send successfully""}",PM
2026-02-12,868589060644229,,"AT+GTDAT=gv300w,1,,CMD97,0,,,,FFFF$",444ad7385036d1520a97a76ff9b76342509c5cd519b8321070c69d9254e9d29b,OK,200,"{""status"":""OK"",""code"":200,""data"":""command send successfully""}","{""status"":""OK"",""code"":200,""data"":""command send successfully""}",PM
2026-02-12,869671070576457,,"AT+GTDAT=gv300w,1,,CMD97,0,,,,FFFF$",46317b9b3cfa63e3405be198d3abc8f12d6d5729b00f2d55ff0b4850a3e10915,OK,200,"{""status"":""OK"",""code"":200,""data"":""command send successfully""}","{""status"":""OK"",""code"":200,""data"":""command send successfully""}",PM
2026-02-12,869671070594914,,"AT+GTDAT=gv300w,1,,CMD97,0,,,,FFFF$",6ebf7873447418be7dc8700cd6031b4457ddd3b5f8f3f9b811f9e9dfdaa52b38,OK,200,"{""status"":""OK"",""code"":200,""data"":""command send successfully""}","{""status"":""OK"",""code"":200,""data"":""command send successfully""}",PM
2026-02-12,863457050615895,,"AT+GTDAT=gv300w,1,,CMD97,0,,,,FFFF$",8716e668590db70b03b531725a8eaa3ce08ca6edeb72327ea7ad17ae2bce9b25,OK,200,"{""status"":""OK"",""code"":200,""data"":""command send successfully""}","{""status"":""OK"",""code"":200,""data"":""command send successfully""}",PM
2026-02-12,867162029775178,,"AT+GTDAT=gv300w,1,,CMD97,0,,,,FFFF$",da4e19e51dc504c6216ff6b691d57c57403e6a780c1cb8512227c45a6a5e8657,OK,200,"{""status"":""OK"",""code"":200,""data"":""command send successfully""}","{""status"":""OK"",""code"":200,""data"":""command send successfully""}",PM
2026-02-12,869671070591662,,"AT+GTDAT=gv300w,1,,CMD97,0,,,,FFFF$",95f8058424428a359dea4d2e30aeb6c722576187f90f17b412ea2a8d9153c0b0,OK,200,"{""status"":""OK"",""code"":200,""data"":""command send successfully""}","{""status"":""OK"",""code"":200,""data"":""command send successfully""}",PM
2026-02-12,869671070590276,,"AT+GTDAT=gv300w,1,,CMD97,0,,,,FFFF$",9cf7a450e1d0f4dea53a7ccfc0e842c44aeb8dd9664fa71072aea09afc149225,OK,200,"{""status"":""OK"",""code"":200,""data"":""command send successfully""}","{""status"":""OK"",""code"":200,""data"":""command send successfully""}",PM
2026-02-12,867162029776820,,"AT+GTDAT=gv300w,1,,CMD97,0,,,,FFFF$",da0b734b3b052dff5403121f026f193aa94aa9a0e9e484f0001ae26ec219dddb,OK,200,"{""status"":""OK"",""code"":200,""data"":""command send successfully""}","{""status"":""OK"",""code"":200,""data"":""command send successfully""}",PM
2026-02-12,863457051666129,,"AT+GTDAT=gv300w,1,,CMD97,0,,,,FFFF$",7209e66c01fd6332024ad7977b344c73fd149312a1b6dfc162d68f8173d186dd,OK,200,"{""status"":""OK"",""code"":200,""data"":""command send successfully""}","{""status"":""OK"",""code"":200,""data"":""command send successfully""}",PM
2026-02-12,869671070577372,,"AT+GTDAT=gv300w,1,,CMD97,0,,,,FFFF$",28ca2086bc5e73f97c27d9be6c0e38180793f4382dc9de6f534023c02651f93a,OK,200,"{""status"":""OK"",""code"":200,""data"":""command send successfully""}","{""status"":""OK"",""code"":200,""data"":""command send successfully""}",PM
2026-02-12,869671070574569,,"AT+GTDAT=gv300w,1,,CMD97,0,,,,FFFF$",0274568f0a491ef4d09cea43e7a4ca0b9ee693169a57c4971882a7077b6db864,OK,200,"{""status"":""OK"",""code"":200,""data"":""command send successfully""}","{""status"":""OK"",""code"":200,""data"":""command send successfully""}",PM
2026-02-12,869671070587850,,"AT+GTDAT=gv300w,1,,CMD97,0,,,,FFFF$",a41d551c32537e552efbb6c43e5bdefc2c304fdd53e5211ac526f3ae7edcf98a,OK,200,"{""status"":""OK"",""code"":200,""data"":""command send successfully""}","{""status"":""OK"",""code"":200,""data"":""command send successfully""}",PM
2026-02-12,863457051069951,,"AT+GTDAT=gv300w,1,,CMD97,0,,,,FFFF$",a057893ad4ed08a507361c5fd67a2f76cc3f3a4ca11320b026d34b107f197a44,OK,200,"{""status"":""OK"",""code"":200,""data"":""command send successfully""}","{""status"":""OK"",""code"":200,""data"":""command send successfully""}",PM
2026-02-12,868589060666768,,"AT+GTDAT=gv300w,1,,CMD97,0,,,,FFFF$",b07eb2036c23e208c88ba44bffde45073081af32c1d60c71fe6dc8835129f207,OK,200,"{""status"":""OK"",""code"":200,""data"":""command send successfully""}","{""status"":""OK"",""code"":200,""data"":""command send successfully""}",PM
2026-02-12,863457050637675,,"AT+GTDAT=gv300w,1,,CMD97,0,,,,FFFF$",b06df8c023d10c82ffe064e4392020155fce01e4b1c8cb7bf187d9a84cb3a6e7,OK,200,"{""status"":""OK"",""code"":200,""data"":""command send successfully""}","{""status"":""OK"",""code"":200,""data"":""command send successfully""}",PM
2026-02-12,869671070590805,,"AT+GTDAT=gv300w,1,,CMD97,0,,,,FFFF$",7bf8a96d7b0cd10e8e104594631e3970c5db4eb4197ec90045c25afee89a72d7,OK,200,"{""status"":""OK"",""code"":200,""data"":""command send successfully""}","{""status"":""OK"",""code"":200,""data"":""command send successfully""}",PM
2026-02-12,867162026817288,,"AT+GTDAT=gv300w,1,,CMD97,0,,,,FFFF$",c7b45e38cfb8f54e8b2ebd0ef3729826dacb10a3edeacde42dfa7141da834044,OK,200,"{""status"":""OK"",""code"":200,""data"":""command send successfully""}","{""status"":""OK"",""code"":200,""data"":""command send successfully""}",PM
2026-02-12,869671070581952,,"AT+GTDAT=gv300w,1,,CMD97,0,,,,FFFF$",668d640a415d99a774c0fe3e4483a3ff61bf90cebc14c2beece14e83b33ca1bb,OK,200,"{""status"":""OK"",""code"":200,""data"":""command send successfully""}","{""status"":""OK"",""code"":200,""data"":""command send successfully""}",PM
2026-02-12,869671070583115,,"AT+GTDAT=gv300w,1,,CMD97,0,,,,FFFF$",6ea67278ba49a17e3e4423d09dcb5b4494fd0d4372c1751bd24e67ed680ca6ef,OK,200,"{""status"":""OK"",""code"":200,""data"":""command send successfully""}","{""status"":""OK"",""code"":200,""data"":""command send successfully""}",PM
2026-02-12,869671070575012,,"AT+GTDAT=gv300w,1,,CMD97,0,,,,FFFF$",f20fac4d554946b5a70c787d44bb5408ddebfd4c9be428e61b85bacb8c1ad4e3,OK,200,"{""status"":""OK"",""code"":200,""data"":""command send successfully""}","{""status"":""OK"",""code"":200,""data"":""command send successfully""}",PM
2026-02-12,869671070588247,,"AT+GTDAT=gv300w,1,,CMD97,0,,,,FFFF$",ea6f398f2fd3ea02ee8147e45e0274b5ffb867cbee8f875fb7ece5c4b4742b78,OK,200,"{""status"":""OK"",""code"":200,""data"":""command send successfully""}","{""status"":""OK"",""code"":200,""data"":""command send successfully""}",PM
2026-02-12,867162027843960,,"AT+GTDAT=gv300w,1,,CMD97,0,,,,FFFF$",b3b5098f5d84c01a1b0850a74f1b8408bde4c2a79d080770da9e2a4ba3626eb1,OK,200,"{""status"":""OK"",""code"":200,""data"":""command send successfully""}","{""status"":""OK"",""code"":200,""data"":""command send successfully""}",PM
2026-02-12,869671072170598,,"AT+GTDAT=gv300w,1,,CMD97,0,,,,FFFF$",a7bd83917a401a97a7f7239a382219082aa6ba428e63a7e16fe432d609d65b1b,OK,200,"{""status"":""OK"",""code"":200,""data"":""command send successfully""}","{""status"":""OK"",""code"":200,""data"":""command send successfully""}",PM
2026-02-12,863457050639879,,"AT+GTDAT=gv300w,1,,CMD97,0,,,,FFFF$",f2a740171e9db27642f261f0067eec63e78348fc60488c0f7bf63cfe47e0838b,OK,200,"{""status"":""OK"",""code"":200,""data"":""command send successfully""}","{""status"":""OK"",""code"":200,""data"":""command send successfully""}",PM
2026-02-12,863457050644580,,"AT+GTDAT=gv300w,1,,CMD97,0,,,,FFFF$",322c75860526ec015cd80db362a477b0875cdf6aeafc63658e3bc9cc48db08a1,OK,200,"{""status"":""OK"",""code"":200,""data"":""command send successfully""}","{""status"":""OK"",""code"":200,""data"":""command send successfully""}",PM
2026-02-12,869671070597750,,"AT+GTDAT=gv300w,1,,CMD97,0,,,,FFFF$",c3d2a84811f874946d232150ca93d76e0929b2b59fb8bbe044f9b4f7923c5806,OK,200,"{""status"":""OK"",""code"":200,""data"":""command send successfully""}","{""status"":""OK"",""code"":200,""data"":""command send successfully""}",PM
2026-02-12,869671072171752,,"AT+GTDAT=gv300w,1,,CMD97,0,,,,FFFF$",0a7d43e783b69e4b6ef6fed589c5cc8d8837d25367467121e3304f8fcee28ca0,OK,200,"{""status"":""OK"",""code"":200,""data"":""command send successfully""}","{""status"":""OK"",""code"":200,""data"":""command send successfully""}",PM
2026-02-12,869671070575673,,"AT+GTDAT=gv300w,1,,CMD97,0,,,,FFFF$",1da584adc62f627766955dac674b3b7dc71c6253d5f340c091f4c851f3f07556,OK,200,"{""status"":""OK"",""code"":200,""data"":""command send successfully""}","{""status"":""OK"",""code"":200,""data"":""command send successfully""}",PM
2026-02-12,869671070584360,,"AT+GTDAT=gv300w,1,,CMD97,0,,,,FFFF$",55536f8071907722d9e90aa80f90693ef2aba4d9b0cebecaa3b82279d6445f03,OK,200,"{""status"":""OK"",""code"":200,""data"":""command send successfully""}","{""status"":""OK"",""code"":200,""data"":""command send successfully""}",PM
2026-02-12,869671072171547,,"AT+GTDAT=gv300w,1,,CMD97,0,,,,FFFF$",5b2c8bcfbd3189c5238e3f83d5b905b1bed4b7a5e192a6a134eeec87a1b54d05,OK,200,"{""status"":""OK"",""code"":200,""data"":""command send successfully""}","{""status"":""OK"",""code"":200,""data"":""command send successfully""}",PM
2026-02-12,867162027833722,,"AT+GTDAT=gv300w,1,,CMD97,0,,,,FFFF$",ec4d42a5abf4904d6034864b83fb03e9aa39fa15dcc82b834e911fdd0f91771c,OK,200,"{""status"":""OK"",""code"":200,""data"":""command send successfully""}","{""status"":""OK"",""code"":200,""data"":""command send successfully""}",PM
2026-02-12,863457051070280,,"AT+GTDAT=gv300w,1,,CMD97,0,,,,FFFF$",032b3eef727d7df50a11c4e31054a7174803c0bb38c95ca50d4c75bf58dda346,OK,200,"{""status"":""OK"",""code"":200,""data"":""command send successfully""}","{""status"":""OK"",""code"":200,""data"":""command send successfully""}",PM
2026-02-12,863457052206560,,"AT+GTDAT=gv300w,1,,CMD97,0,,,,FFFF$",3142b7de8333e06adc7d2a9aca24d24d2915e886f21c705f8d12b89e796f7f7b,OK,200,"{""status"":""OK"",""code"":200,""data"":""command send successfully""}","{""status"":""OK"",""code"":200,""data"":""command send successfully""}",PM
2026-02-12,865413056980179,,"AT+GTDAT=gv300w,1,,CMD97,0,,,,FFFF$",643f3479768ccc1e68cb39809c166e8685d82bd2881bd18c68a3782a60f7de55,OK,200,"{""status"":""OK"",""code"":200,""data"":""command send successfully""}","{""status"":""OK"",""code"":200,""data"":""command send successfully""}",PM
2026-02-12,863457052203724,,"AT+GTDAT=gv300w,1,,CMD97,0,,,,FFFF$",423ac125bec4c78a100ba088e17086a818adae8747f0ac191152f58ba5929465,OK,200,"{""status"":""OK"",""code"":200,""data"":""command send successfully""}","{""status"":""OK"",""code"":200,""data"":""command send successfully""}",PM
2026-02-12,863457051081881,,"AT+GTDAT=gv300w,1,,CMD97,0,,,,FFFF$",5a05c51571b0f6018b331db6cd792b671c780c9aeeef3bba335a231a6cc9b9ac,OK,200,"{""status"":""OK"",""code"":200,""data"":""command send successfully""}","{""status"":""OK"",""code"":200,""data"":""command send successfully""}",PM
2026-02-12,869671070585607,,"AT+GTDAT=gv300w,1,,CMD97,0,,,,FFFF$",2add0bcaee36e87d0decbb4ac6125490263c861110998d952a160fab44aa848e,OK,200,"{""status"":""OK"",""code"":200,""data"":""command send successfully""}","{""status"":""OK"",""code"":200,""data"":""command send successfully""}",PM
2026-02-12,868589060354985,,"AT+GTDAT=gv300w,1,,CMD97,0,,,,FFFF$",3d9aa2d91a57bdc202208d56dfbd0d15892a86f5c0cf897e2f6c9ad6db0bbe1b,OK,200,"{""status"":""OK"",""code"":200,""data"":""command send successfully""}","{""status"":""OK"",""code"":200,""data"":""command send successfully""}",PM
2026-02-12,869671070594617,,"AT+GTDAT=gv300w,1,,CMD97,0,,,,FFFF$",33f0f85ea5df195ec9ac76e600d423ad92a798f6133f1f6cd12b361ed28d5050,OK,200,"{""status"":""OK"",""code"":200,""data"":""command send successfully""}","{""status"":""OK"",""code"":200,""data"":""command send successfully""}",PM
2026-02-12,868589060183897,,"AT+GTDAT=gv300w,1,,CMD97,0,,,,FFFF$",b6df540c5bfddbafcfce66df9c625787d3c04b01b7b0b4fc68f28abc9fbab91f,OK,200,"{""status"":""OK"",""code"":200,""data"":""command send successfully""}","{""status"":""OK"",""code"":200,""data"":""command send successfully""}",PM
2026-02-12,867162025950742,,"AT+GTDAT=gv300w,1,,CMD97,0,,,,FFFF$",381b405f3ca60a87cea2e6dbff311604407ba6a8375f7930920108dca8f3db28,OK,200,"{""status"":""OK"",""code"":200,""data"":""command send successfully""}","{""status"":""OK"",""code"":200,""data"":""command send successfully""}",PM
2026-02-12,863457050624350,,"AT+GTDAT=gv300w,1,,CMD97,0,,,,FFFF$",6b30f4314a8133f8911cfc8d46405bc3b7f777d6e99f2cf0b9e2443c1aac07ed,OK,200,"{""status"":""OK"",""code"":200,""data"":""command send successfully""}","{""status"":""OK"",""code"":200,""data"":""command send successfully""}",PM
2026-02-12,863457051064085,,"AT+GTDAT=gv300w,1,,CMD97,0,,,,FFFF$",3165763307f27c252fa9d42e3375455ca782ad847571af5fe32edc2692748655,OK,200,"{""status"":""OK"",""code"":200,""data"":""command send successfully""}","{""status"":""OK"",""code"":200,""data"":""command send successfully""}",PM
2026-02-12,863238070326766,,"AT+GTDAT=gv300w,1,,CMD97,0,,,,FFFF$",00006c46556df9a8a48796a3669c9be20a9fbca3f968c30213653fc9180bda4c,OK,200,"{""status"":""OK"",""code"":200,""data"":""command send successfully""}","{""status"":""OK"",""code"":200,""data"":""command send successfully""}",PM
2026-02-12,863457050268521,,"AT+GTDAT=gv300w,1,,CMD97,0,,,,FFFF$",1b5fc27e670254b65d89e416c03189a638b6017217bae52e4d415c26366a6c2d,OK,200,"{""status"":""OK"",""code"":200,""data"":""command send successfully""}","{""status"":""OK"",""code"":200,""data"":""command send successfully""}",PM
2026-02-12,869671072172016,,"AT+GTDAT=gv300w,1,,CMD97,0,,,,FFFF$",18c921b135ae4d654d0249d800eb6db34770b9a15247c62ab634161746040d06,OK,200,"{""status"":""OK"",""code"":200,""data"":""command send successfully""}","{""status"":""OK"",""code"":200,""data"":""command send successfully""}",PM
2026-02-12,867162027634666,,"AT+GTDAT=gv300w,1,,CMD97,0,,,,FFFF$",5d4702f7752dbb3bd482e5334ec6026eedaf712c59c815c5c5241b8be6b96197,OK,200,"{""status"":""OK"",""code"":200,""data"":""command send successfully""}","{""status"":""OK"",""code"":200,""data"":""command send successfully""}",PM
2026-02-12,869671070585276,,"AT+GTDAT=gv300w,1,,CMD97,0,,,,FFFF$",1dd98581a20cba195ced0b23137433bc021cfe572b0a00a71ffccf7bdd4d6775,OK,200,"{""status"":""OK"",""code"":200,""data"":""command send successfully""}","{""status"":""OK"",""code"":200,""data"":""command send successfully""}",PM
2026-02-12,867162027887207,,"AT+GTDAT=gv300w,1,,CMD97,0,,,,FFFF$",67a5a06c5e8ead1928cbc8b1668306db7b6dec5f3ce344528602f8232ace354f,OK,200,"{""status"":""OK"",""code"":200,""data"":""command send successfully""}","{""status"":""OK"",""code"":200,""data"":""command send successfully""}",PM
2026-02-12,869671070597610,,"AT+GTDAT=gv300w,1,,CMD97,0,,,,FFFF$",4d46e1329b54c5db79a7e36b73eb9044a8b19eec8e68fbabd46219b507adfafc,OK,200,"{""status"":""OK"",""code"":200,""data"":""command send successfully""}","{""status"":""OK"",""code"":200,""data"":""command send successfully""}",PM
2026-02-12,869671070575038,,"AT+GTDAT=gv300w,1,,CMD97,0,,,,FFFF$",3ffcc5c8a5885f3eba04da2579a7f574bd83dbc11f2e467fd1a68d99986dcb74,OK,200,"{""status"":""OK"",""code"":200,""data"":""command send successfully""}","{""status"":""OK"",""code"":200,""data"":""command send successfully""}",PM
2026-02-12,863457052208376,,"AT+GTDAT=gv300w,1,,CMD97,0,,,,FFFF$",d9c6ae7f1aa9c6163591a9dd66174caf14369fdb01f9037f1fdb16ba525ada8f,OK,200,"{""status"":""OK"",""code"":200,""data"":""command send successfully""}","{""status"":""OK"",""code"":200,""data"":""command send successfully""}",PM
2026-02-12,863238070322419,,"AT+GTDAT=gv300w,1,,CMD97,0,,,,FFFF$",61c33fcc63fe63ff60f05fcd9cac85f4990c47f496a5fb5d42648102c4962555,OK,200,"{""status"":""OK"",""code"":200,""data"":""command send successfully""}","{""status"":""OK"",""code"":200,""data"":""command send successfully""}",PM
2026-02-12,867162027187350,,"AT+GTDAT=gv300w,1,,CMD97,0,,,,FFFF$",649c0f524ba9b64916b3fd10a4d8de725c7cc466838f3bf84c77f687279e43fc,OK,200,"{""status"":""OK"",""code"":200,""data"":""command send successfully""}","{""status"":""OK"",""code"":200,""data"":""command send successfully""}",PM
2026-02-12,863457052211693,,"AT+GTDAT=gv300w,1,,CMD97,0,,,,FFFF$",c8ae7df1777d26df2bdbccf0297aefee95bacdcd266e29de5bba1fd817ad2fdc,OK,200,"{""status"":""OK"",""code"":200,""data"":""command send successfully""}","{""status"":""OK"",""code"":200,""data"":""command send successfully""}",PM
2026-02-12,863457051668141,,"AT+GTDAT=gv300w,1,,CMD97,0,,,,FFFF$",a27e416a5635184cca5cd1dda05f2290ef2ddb4868326968dd74de3abda70788,OK,200,"{""status"":""OK"",""code"":200,""data"":""command send successfully""}","{""status"":""OK"",""code"":200,""data"":""command send successfully""}",PM
2026-02-12,868589060354126,,"AT+GTDAT=gv300w,1,,CMD97,0,,,,FFFF$",fcaf8df79a82942d0c3e9dceb935012736541ea2bd49137871af8e2c0f87ba52,OK,200,"{""status"":""OK"",""code"":200,""data"":""command send successfully""}","{""status"":""OK"",""code"":200,""data"":""command send successfully""}",PM
2026-02-12,867162026497859,,"AT+GTDAT=gv300w,1,,CMD97,0,,,,FFFF$",bf231122b31e238e7b53d68010a99ac97495c5383b570cce641429a26deb64a7,OK,200,"{""status"":""OK"",""code"":200,""data"":""command send successfully""}","{""status"":""OK"",""code"":200,""data"":""command send successfully""}",PM
2026-02-12,869671070574718,,"AT+GTDAT=gv300w,1,,CMD97,0,,,,FFFF$",e55fa14018bcfab4f4bdbed333dbaeb7a866892d39f17a0dd8edf0e6cdfef92d,OK,200,"{""status"":""OK"",""code"":200,""data"":""command send successfully""}","{""status"":""OK"",""code"":200,""data"":""command send successfully""}",PM
2026-02-12,863238070324332,,"AT+GTDAT=gv300w,1,,CMD97,0,,,,FFFF$",baa7511acd330b8f20add39bedb5ad0a3c7b9b7ce6e2bc83b1ea6c3d72e6d5ec,OK,200,"{""status"":""OK"",""code"":200,""data"":""command send successfully""}","{""status"":""OK"",""code"":200,""data"":""command send successfully""}",PM
2026-02-12,869671070580962,,"AT+GTDAT=gv300w,1,,CMD97,0,,,,FFFF$",0919bf42980f973f5f3dcf6e94935fcdacf763859c52a766c44fead9494c84e2,OK,200,"{""status"":""OK"",""code"":200,""data"":""command send successfully""}","{""status"":""OK"",""code"":200,""data"":""command send successfully""}",PM
2026-02-12,863238070324910,,"AT+GTDAT=gv300w,1,,CMD97,0,,,,FFFF$",6e1f74a66e4b38c9f3b563f487c5618da65a36fb45c03b45d029e4a49324f320,OK,200,"{""status"":""OK"",""code"":200,""data"":""command send successfully""}","{""status"":""OK"",""code"":200,""data"":""command send successfully""}",PM
2026-02-12,863457051713236,,"AT+GTDAT=gv300w,1,,CMD97,0,,,,FFFF$",c714d8eb17d7cb62cd8bd4319cc5ed89c41be0ae4f5fa1ef7e81a4ddca4bea0b,OK,200,"{""status"":""OK"",""code"":200,""data"":""command send successfully""}","{""status"":""OK"",""code"":200,""data"":""command send successfully""}",PM
2026-02-12,869671070576887,,"AT+GTDAT=gv300w,1,,CMD97,0,,,,FFFF$",e9d5810fb2a7d501a7bd3ec890103df66687085b9e029a457222cc59db750bc1,OK,200,"{""status"":""OK"",""code"":200,""data"":""command send successfully""}","{""status"":""OK"",""code"":200,""data"":""command send successfully""}",PM
2026-02-12,863457051683439,,"AT+GTDAT=gv300w,1,,CMD97,0,,,,FFFF$",9459d8437b659b57bd58bf18cc84e579b574cdd97fe7c1dfbb3e031d40211857,OK,200,"{""status"":""OK"",""code"":200,""data"":""command send successfully""}","{""status"":""OK"",""code"":200,""data"":""command send successfully""}",PM
2026-02-12,863457052211875,,"AT+GTDAT=gv300w,1,,CMD97,0,,,,FFFF$",f3d657e26e21066a0add61540e33b9aea7c3b64151ea70fa2d8bc1fb7918ef56,OK,200,"{""status"":""OK"",""code"":200,""data"":""command send successfully""}","{""status"":""OK"",""code"":200,""data"":""command send successfully""}",PM
2026-02-12,869671070585680,,"AT+GTDAT=gv300w,1,,CMD97,0,,,,FFFF$",8299ea8d93f930c071b1bec8b0e15fb1d879481f4cd44499d45b06f854ebc45f,OK,200,"{""status"":""OK"",""code"":200,""data"":""command send successfully""}","{""status"":""OK"",""code"":200,""data"":""command send successfully""}",PM
2026-02-12,869671070592702,,"AT+GTDAT=gv300w,1,,CMD97,0,,,,FFFF$",00b5437db37c14f2fd2ddfa9bc69899fc30996a591aaa208c27874687edb7a6a,OK,200,"{""status"":""OK"",""code"":200,""data"":""command send successfully""}","{""status"":""OK"",""code"":200,""data"":""command send successfully""}",PM
2026-02-12,867162025928250,,"AT+GTDAT=gv300w,1,,CMD97,0,,,,FFFF$",8f55a9d832a23c70bc661e75cde27e1c8b13ff4db1089418c2836a3a15ae1c73,OK,200,"{""status"":""OK"",""code"":200,""data"":""command send successfully""}","{""status"":""OK"",""code"":200,""data"":""command send successfully""}",PM
2026-02-12,868589060681346,,"AT+GTDAT=gv300w,1,,CMD97,0,,,,FFFF$",d6111a19cd7e45f14da8d7c0d00a2e9b51ac4278298dafa9df689c493858d8bb,OK,200,"{""status"":""OK"",""code"":200,""data"":""command send successfully""}","{""status"":""OK"",""code"":200,""data"":""command send successfully""}",PM
2026-02-12,868589060160036,,"AT+GTDAT=gv300w,1,,CMD97,0,,,,FFFF$",eda0b1d6e3d9961e748f139035987c399ada258b465696541aa5a88588d5f205,OK,200,"{""status"":""OK"",""code"":200,""data"":""command send successfully""}","{""status"":""OK"",""code"":200,""data"":""command send successfully""}",PM
2026-02-12,863457052208657,,"AT+GTDAT=gv300w,1,,CMD97,0,,,,FFFF$",c02d8e56e439d4e27e9437e830af16e03e7748835b73a24bbef9fa34b1b9726a,OK,200,"{""status"":""OK"",""code"":200,""data"":""command send successfully""}","{""status"":""OK"",""code"":200,""data"":""command send successfully""}",PM
2026-02-12,868589060264531,,"AT+GTDAT=gv300w,1,,CMD97,0,,,,FFFF$",68872ac7e4165c949c51a3b98847e6cff9c294145ec3398988ea297a11554db4,OK,200,"{""status"":""OK"",""code"":200,""data"":""command send successfully""}","{""status"":""OK"",""code"":200,""data"":""command send successfully""}",PM
2026-02-12,869671070587157,,"AT+GTDAT=gv300w,1,,CMD97,0,,,,FFFF$",dc4d48daec1d11194549c98ca37636573169775e0587d312c999e89aee9f954f,OK,200,"{""status"":""OK"",""code"":200,""data"":""command send successfully""}","{""status"":""OK"",""code"":200,""data"":""command send successfully""}",PM
2026-02-12,863457050574092,,"AT+GTDAT=gv300w,1,,CMD97,0,,,,FFFF$",7e5a132f72260cde0b116a3b98fb22039df7732b94f12210052c52c05d77a42b,OK,200,"{""status"":""OK"",""code"":200,""data"":""command send successfully""}","{""status"":""OK"",""code"":200,""data"":""command send successfully""}",PM
2026-02-12,869671070592181,,"AT+GTDAT=gv300w,1,,CMD97,0,,,,FFFF$",afbc27b012e24b47ccc00b6a8d7bc0e7c8c3f024ec517f05f160880eac117fad,OK,200,"{""status"":""OK"",""code"":200,""data"":""command send successfully""}","{""status"":""OK"",""code"":200,""data"":""command send successfully""}",PM
2026-02-12,869671070597016,,"AT+GTDAT=gv300w,1,,CMD97,0,,,,FFFF$",d43772fef32a06729381568755de46c52d15dc4a76e9c6d7c91cf5c758f5a86b,OK,200,"{""status"":""OK"",""code"":200,""data"":""command send successfully""}","{""status"":""OK"",""code"":200,""data"":""command send successfully""}",PM
2026-02-12,869671070583859,,"AT+GTDAT=gv300w,1,,CMD97,0,,,,FFFF$",40fa7af0188b5b9887c6c4ce17494b0b0686e53d6a36106776c0d08464ea0a6c,OK,200,"{""status"":""OK"",""code"":200,""data"":""command send successfully""}","{""status"":""OK"",""code"":200,""data"":""command send successfully""}",PM
2026-02-12,869671070594195,,"AT+GTDAT=gv300w,1,,CMD97,0,,,,FFFF$",4738b3bff292c934712d2c2675a67014765e2e8998a8edad5c6a67d16fd426a0,OK,200,"{""status"":""OK"",""code"":200,""data"":""command send successfully""}","{""status"":""OK"",""code"":200,""data"":""command send successfully""}",PM
2026-02-12,863457051074753,,"AT+GTDAT=gv300w,1,,CMD97,0,,,,FFFF$",994a36f3c424f3c94c5eab2a01f060818194179b1cc488d7b5d1d8b060864b27,OK,200,"{""status"":""OK"",""code"":200,""data"":""command send successfully""}","{""status"":""OK"",""code"":200,""data"":""command send successfully""}",PM
2026-02-12,868589060243154,,"AT+GTDAT=gv300w,1,,CMD97,0,,,,FFFF$",c2331aa1caf08a7b60882006c268da046a31fa97714908aba11b9501ffec8765,OK,200,"{""status"":""OK"",""code"":200,""data"":""command send successfully""}","{""status"":""OK"",""code"":200,""data"":""command send successfully""}",PM
2026-02-12,867162027844638,,"AT+GTDAT=gv300w,1,,CMD97,0,,,,FFFF$",813c181a0b787d594e5c379f7c8f801788ab6393c29388a144c31f4f20b5f32c,OK,200,"{""status"":""OK"",""code"":200,""data"":""command send successfully""}","{""status"":""OK"",""code"":200,""data"":""command send successfully""}",PM
2026-02-12,869671070598758,,"AT+GTDAT=gv300w,1,,CMD97,0,,,,FFFF$",ca90b6351dc0efe2e05b3d280f824199b2afa33169037e323d83af8f1be8b833,OK,200,"{""status"":""OK"",""code"":200,""data"":""command send successfully""}","{""status"":""OK"",""code"":200,""data"":""command send successfully""}",PM
2026-02-12,869671072165309,,"AT+GTDAT=gv300w,1,,CMD97,0,,,,FFFF$",067e307db07bea47eae4cda19b5e52a433c05ab4faa1ee8bfc77ead75dc7115c,OK,200,"{""status"":""OK"",""code"":200,""data"":""command send successfully""}","{""status"":""OK"",""code"":200,""data"":""command send successfully""}",PM
2026-02-12,869671070587397,,"AT+GTDAT=gv300w,1,,CMD97,0,,,,FFFF$",8c6b22a3de491dc5d23d8121b7aaef096bc9a8caa59e0302a9d8908a6c1d3e9c,OK,200,"{""status"":""OK"",""code"":200,""data"":""command send successfully""}","{""status"":""OK"",""code"":200,""data"":""command send successfully""}",PM
2026-02-12,869671070583834,,"AT+GTDAT=gv300w,1,,CMD97,0,,,,FFFF$",feac8df6eaae62e730c1662ec397feb8e2d6dc221b6c1547ab24452f57c7fc0b,OK,200,"{""status"":""OK"",""code"":200,""data"":""command send successfully""}","{""status"":""OK"",""code"":200,""data"":""command send successfully""}",PM
2026-02-12,868589060167056,,"AT+GTDAT=gv300w,1,,CMD97,0,,,,FFFF$",e74d69d1f721de3f7d8c5ce705c7a08e69f080d8808d674e81b4ec813203b20b,OK,200,"{""status"":""OK"",""code"":200,""data"":""command send successfully""}","{""status"":""OK"",""code"":200,""data"":""command send successfully""}",PM
2026-02-12,863457052177258,,"AT+GTDAT=gv300w,1,,CMD97,0,,,,FFFF$",f438ef843432373fd894c7ce30c262d4be0a8e98ced1be6cb3c54090fb180458,OK,200,"{""status"":""OK"",""code"":200,""data"":""command send successfully""}","{""status"":""OK"",""code"":200,""data"":""command send successfully""}",PM
2026-02-12,863457051697207,,"AT+GTDAT=gv300w,1,,CMD97,0,,,,FFFF$",b29891a71ee36c9c2dc9c01bfd396def08b56b3ec5793826dbc4a34b5f398541,OK,200,"{""status"":""OK"",""code"":200,""data"":""command send successfully""}","{""status"":""OK"",""code"":200,""data"":""command send successfully""}",PM
